{"initial_reset_timestamp": 1612869830.5676913, "timestamps": [1612869831.1964264, 1612869831.386285, 1612869831.5709772, 1612869831.756499, 1612869831.9429731, 1612869832.1287088, 1612869832.3151734, 1612869835.1729841, 1612869835.3590193, 1612869835.5450253, 1612869835.7323136, 1612869835.920094, 1612869836.1047924, 1612869836.2921562, 1612869839.4159603, 1612869839.6330235, 1612869839.8363805, 1612869840.043342, 1612869840.2491794, 1612869840.45361, 1612869840.6564093, 1612869852.7332041, 1612869852.9313846, 1612869853.1150348, 1612869853.3146884, 1612869853.5117614, 1612869853.709888, 1612869853.9077935, 1612869865.902935, 1612869866.1024187, 1612869866.3006506, 1612869866.5032265, 1612869866.7042449, 1612869866.9303458, 1612869867.1327538, 1612869879.5700119, 1612869879.785139, 1612869880.0049372, 1612869880.2209203, 1612869880.426173, 1612869880.6371348, 1612869880.856165, 1612869893.3880377, 1612869893.592248, 1612869893.7979794, 1612869894.0023956, 1612869894.211227, 1612869894.4099605, 1612869894.6179526, 1612869906.963798, 1612869907.180387, 1612869907.3826241, 1612869907.5896068, 1612869907.7933533, 1612869907.998168, 1612869908.2062786, 1612869920.47557, 1612869920.6907096, 1612869920.8988266, 1612869921.1101153, 1612869921.3138716, 1612869921.5301561, 1612869921.74349, 1612869934.2242796, 1612869934.4319575, 1612869934.6430845, 1612869934.8539567, 1612869935.0669127, 1612869935.2647724, 1612869935.4730895, 1612869947.9407434, 1612869948.158528, 1612869948.3747587, 1612869948.590696, 1612869948.8035383, 1612869949.0173664, 1612869949.2296133, 1612869961.413982, 1612869961.6253247, 1612869961.8418999, 1612869962.058098, 1612869962.276192, 1612869962.4942763, 1612869962.7095847, 1612869974.7827978, 1612869974.991495, 1612869975.2065752, 1612869975.415731, 1612869975.623086, 1612869975.8193922, 1612869976.0243602, 1612869988.5781276, 1612869988.7933586, 1612869989.0025551, 1612869989.2028983, 1612869989.413846, 1612869989.613124, 1612869989.807015, 1612870002.1274486, 1612870002.3242202, 1612870002.5203815, 1612870002.7140105, 1612870002.9115517, 1612870003.1299465, 1612870003.3602276, 1612870016.1547847, 1612870016.3499172, 1612870016.5490746, 1612870016.7501194, 1612870016.9473805, 1612870017.088916, 1612870017.284834, 1612870017.4798863, 1612870030.0041006, 1612870030.217679, 1612870030.4287088, 1612870030.6237235, 1612870030.8174255, 1612870031.0122714, 1612870031.2080488, 1612870043.0328631, 1612870043.2437532, 1612870043.4517496, 1612870043.6586087, 1612870043.8629596, 1612870044.0740786, 1612870044.284292, 1612870055.9740953, 1612870056.1792777, 1612870056.3934085, 1612870056.603168, 1612870056.815087, 1612870057.0277894, 1612870057.2397208, 1612870068.9038026, 1612870069.112113, 1612870069.3193285, 1612870069.5297484, 1612870069.764566, 1612870069.972554, 1612870070.185162, 1612870082.119029, 1612870082.3308346, 1612870082.5426273, 1612870082.7530944, 1612870082.9627361, 1612870083.1532931, 1612870083.3608117, 1612870095.300483, 1612870095.5078182, 1612870095.7458045, 1612870095.9546597, 1612870096.16464, 1612870096.3760703, 1612870096.5902631, 1612870108.6385298, 1612870108.8410192, 1612870109.0562868, 1612870109.2692807, 1612870109.4807591, 1612870109.693589, 1612870109.9111197, 1612870122.498606, 1612870122.717878, 1612870122.9230778, 1612870123.1360464, 1612870123.3827133, 1612870123.6268456, 1612870123.8502426, 1612870136.3808491, 1612870136.5773373, 1612870136.7753222, 1612870136.972594, 1612870137.1720154, 1612870137.3667324, 1612870137.56337, 1612870149.960762, 1612870150.177834, 1612870150.3981266, 1612870150.6094344, 1612870150.8196461, 1612870151.03466, 1612870151.2288265, 1612870163.4928439, 1612870163.6888607, 1612870163.8958254, 1612870164.1024752, 1612870164.3155303, 1612870164.52747, 1612870164.7405128, 1612870176.579888, 1612870176.7912855, 1612870177.0027606, 1612870177.213633, 1612870177.4302356, 1612870177.5932727, 1612870177.8111494, 1612870178.0110235, 1612870190.1118443, 1612870190.3190637, 1612870190.5276268, 1612870190.7419572, 1612870190.936477, 1612870191.1440465, 1612870191.359043, 1612870203.3084733, 1612870203.5134604, 1612870203.7173836, 1612870203.9174201, 1612870204.1260393, 1612870204.3330555, 1612870204.5413291, 1612870216.8456602, 1612870217.0453637, 1612870217.243961, 1612870217.4436803, 1612870217.6399174, 1612870217.837624, 1612870218.0357397, 1612870230.228218, 1612870230.423571, 1612870230.6196468, 1612870230.8182049, 1612870231.0162854, 1612870231.2165933, 1612870231.4146008, 1612870243.2088284, 1612870243.4116478, 1612870243.625546, 1612870243.8373187, 1612870244.0456378, 1612870244.2534263, 1612870244.463455, 1612870256.309607, 1612870256.5215058, 1612870256.7332778, 1612870256.9469604, 1612870257.1597285, 1612870257.377325, 1612870257.5764313, 1612870269.3708858, 1612870269.5835326, 1612870269.7935557, 1612870270.001883, 1612870270.2100677, 1612870270.4189875, 1612870270.6328177, 1612870282.4130645, 1612870282.6269844, 1612870282.8357291, 1612870283.047961, 1612870283.2574413, 1612870283.4650562, 1612870283.6718683, 1612870295.8158817, 1612870296.0139258, 1612870296.214421, 1612870296.410021, 1612870296.6078417, 1612870296.8186655, 1612870297.0326157, 1612870309.6870825, 1612870309.8859777, 1612870310.0883274, 1612870310.2881598, 1612870310.487926, 1612870310.6837285, 1612870310.880348, 1612870323.2260303, 1612870323.4457855, 1612870323.661514, 1612870323.8787782, 1612870324.093617, 1612870324.3081195, 1612870324.5096235, 1612870336.3662627, 1612870336.578764, 1612870336.781703, 1612870336.9922287, 1612870337.2003918, 1612870337.4097648, 1612870337.624396, 1612870349.3124106, 1612870349.5214276, 1612870349.7327318, 1612870349.9465003, 1612870350.1626902, 1612870350.3728058, 1612870350.581039, 1612870362.2319136, 1612870362.444911, 1612870362.6587799, 1612870362.8780692, 1612870363.0896275, 1612870363.2976685, 1612870363.5052702, 1612870375.5038946, 1612870375.6282358, 1612870375.8224208, 1612870376.0173306, 1612870376.1523728, 1612870376.3073404, 1612870376.4314618, 1612870376.637069, 1612870376.8428047, 1612870376.9743006, 1612870389.1841521, 1612870389.383781, 1612870389.5232053, 1612870389.7212496, 1612870389.9173405, 1612870390.1534462, 1612870390.348243, 1612870390.5416715, 1612870402.871475, 1612870403.082688, 1612870403.2929966, 1612870403.50163, 1612870403.699685, 1612870403.8924694, 1612870404.0857923, 1612870415.957162, 1612870416.165911, 1612870416.372924, 1612870416.5858634, 1612870416.8009346, 1612870417.0081022, 1612870417.2166119, 1612870428.984908, 1612870429.2033267, 1612870429.424247, 1612870429.6361501, 1612870429.859531, 1612870430.0826695, 1612870430.3056889, 1612870442.2417161, 1612870442.4510856, 1612870442.6589484, 1612870442.87747, 1612870443.0889843, 1612870443.3002448, 1612870443.5207922, 1612870455.5410552, 1612870455.7511523, 1612870455.9675648, 1612870456.1766453, 1612870456.3923924, 1612870456.5944061, 1612870456.8067224, 1612870469.1400054, 1612870469.3365326, 1612870469.5342112, 1612870469.7288842, 1612870469.9259217, 1612870470.12059, 1612870470.3185453],