{"initial_reset_timestamp": 1612869829.187291, "timestamps": [1612869832.373682, 1612869832.6179132, 1612869832.9916773, 1612869833.3418193, 1612869833.684439, 1612869834.0191665, 1612869836.372377, 1612869836.7038727, 1612869837.0328724, 1612869837.364776, 1612869837.6958234, 1612869838.0249357, 1612869838.3487892, 1612869841.6921766, 1612869843.4397008, 1612869845.1864681, 1612869846.8861947, 1612869848.5973713, 1612869850.2627764, 1612869851.7569811, 1612869855.504624, 1612869857.2255216, 1612869858.9407687, 1612869860.6711152, 1612869862.3842597, 1612869863.961261, 1612869867.6817036, 1612869869.4277222, 1612869871.1768155, 1612869872.917606, 1612869874.7334287, 1612869876.5274866, 1612869877.849465, 1612869881.6672907, 1612869883.3844469, 1612869885.2113593, 1612869886.949715, 1612869888.7447176, 1612869890.492901, 1612869891.9712775, 1612869896.0262825, 1612869897.8503957, 1612869899.5918062, 1612869901.3471148, 1612869903.0427744, 1612869904.6775694, 1612869905.9233332, 1612869909.7789965, 1612869911.5148292, 1612869913.2820299, 1612869915.050467, 1612869916.7845068, 1612869918.4001417, 1612869922.272793, 1612869924.036215, 1612869925.7994487, 1612869927.5119488, 1612869929.3186526, 1612869931.1206398, 1612869932.6267817, 1612869936.5301354, 1612869938.3345196, 1612869940.0709982, 1612869941.7769043, 1612869943.5545871, 1612869945.2623022, 1612869946.8330045, 1612869950.8207943, 1612869952.5739584, 1612869954.3452318, 1612869956.1113513, 1612869957.8215504, 1612869959.318511, 1612869963.193014, 1612869964.8690138, 1612869966.6095474, 1612869968.2361898, 1612869969.9785984, 1612869971.678532, 1612869973.1487176, 1612869977.0618284, 1612869978.8595886, 1612869980.6259048, 1612869982.4535582, 1612869984.2480686, 1612869985.9116325, 1612869987.449158, 1612869991.3432531, 1612869993.08776, 1612869994.8320138, 1612869996.6822073, 1612869998.463053, 1612870000.0672, 1612870003.7887537, 1612870005.5749166, 1612870007.3642728, 1612870009.1156323, 1612870010.9137654, 1612870012.7582269, 1612870014.5410764, 1612870018.3234746, 1612870019.9578097, 1612870021.7015986, 1612870023.5043209, 1612870025.3110888, 1612870027.1724172, 1612870028.89715, 1612870032.4691556, 1612870033.974234, 1612870035.700481, 1612870037.370857, 1612870039.0682802, 1612870040.7857256, 1612870044.6747327, 1612870046.217877, 1612870047.7336984, 1612870049.2385442, 1612870050.900975, 1612870052.4945207, 1612870054.1929004, 1612870058.0488274, 1612870059.7505157, 1612870061.313221, 1612870062.80362, 1612870064.2931604, 1612870065.9300702, 1612870067.6488235, 1612870071.546881, 1612870073.2641273, 1612870074.960873, 1612870076.5519888, 1612870077.8289933, 1612870079.4812324, 1612870083.3857312, 1612870085.1170914, 1612870086.8587883, 1612870088.6107457, 1612870089.8422365, 1612870091.3408964, 1612870092.8249922, 1612870096.6035173, 1612870098.2991452, 1612870100.002721, 1612870101.7414887, 1612870103.4940987, 1612870105.1727936, 1612870106.7058651, 1612870110.4699852, 1612870112.2015464, 1612870114.0014935, 1612870115.7454932, 1612870117.5146854, 1612870119.2710629, 1612870120.8715339, 1612870124.9499743, 1612870126.7460082, 1612870128.510113, 1612870130.2630475, 1612870132.0429966, 1612870133.8341115, 1612870137.5754108, 1612870139.0491054, 1612870140.7958505, 1612870142.570518, 1612870144.3211176, 1612870146.0758317, 1612870147.8413546, 1612870151.7032905, 1612870153.1972957, 1612870154.783795, 1612870156.5476694, 1612870158.373753, 1612870160.145629, 1612870161.8945992, 1612870165.846365, 1612870167.4650218, 1612870168.9607034, 1612870170.4649396, 1612870172.106569, 1612870173.8916092, 1612870178.0232651, 1612870179.814875, 1612870181.554955, 1612870183.1805215, 1612870184.7351997, 1612870186.255221, 1612870188.0009675, 1612870191.7036517, 1612870193.4616866, 1612870195.2139924, 1612870196.9327714, 1612870198.5592625, 1612870200.03757, 1612870201.582612, 1612870205.3528874, 1612870207.1332083, 1612870208.897703, 1612870210.624716, 1612870212.3838942, 1612870214.1183245, 1612870215.622279, 1612870219.2875319, 1612870221.0194814, 1612870222.6963286, 1612870224.4220037, 1612870226.153547, 1612870227.882697, 1612870231.636634, 1612870233.0955904, 1612870234.623493, 1612870236.2833226, 1612870237.988069, 1612870239.7194314, 1612870241.4226549, 1612870245.2497375, 1612870246.7140405, 1612870248.2165284, 1612870249.7493849, 1612870251.489893, 1612870253.2489135, 1612870255.0021868, 1612870258.9465976, 1612870260.6995811, 1612870262.1887813, 1612870263.6729732, 1612870265.1965544, 1612870266.9583642, 1612870270.9018195, 1612870272.6080973, 1612870274.3214834, 1612870276.0026906, 1612870277.5117893, 1612870279.0271015, 1612870280.5728855, 1612870284.4784613, 1612870286.1832547, 1612870287.8962884, 1612870289.6244495, 1612870290.473199, 1612870292.2386534, 1612870293.7595851, 1612870297.4913461, 1612870299.2400832, 1612870301.0085144, 1612870302.8250625, 1612870304.5948644, 1612870306.3338819, 1612870308.1404161, 1612870311.726513, 1612870313.2772913, 1612870315.0510137, 1612870316.8523517, 1612870318.569956, 1612870320.2925627, 1612870322.0532832, 1612870325.7902565, 1612870327.2721353, 1612870328.787134, 1612870330.4693716, 1612870332.2680793, 1612870334.0348957, 1612870338.0114987, 1612870339.7560532, 1612870341.2963808, 1612870342.7777593, 1612870344.2711015, 1612870345.940062, 1612870347.6406162, 1612870351.4887242, 1612870353.1910803, 1612870354.9030104, 1612870356.516787, 1612870358.001731, 1612870359.4767082, 1612870361.0375535, 1612870365.0091016, 1612870366.7866127, 1612870368.548466, 1612870370.2828655, 1612870372.0119865, 1612870373.4850304, 1612870377.3491461, 1612870379.0891786, 1612870380.8028505, 1612870382.5211837, 1612870384.1984096, 1612870385.9154646, 1612870387.6261363, 1612870391.3669765, 1612870393.0246947, 1612870394.7590277, 1612870396.5047958, 1612870398.251312, 1612870399.9685497, 1612870401.7198284, 1612870405.3339157, 1612870406.8209546, 1612870408.3428886, 1612870410.044164, 1612870411.757034, 1612870413.5253506, 1612870417.6096137, 1612870419.2809377, 1612870420.7818117, 1612870422.2475855, 1612870423.7459397, 1612870425.451794, 1612870427.2506843, 1612870431.2425923, 1612870433.014979, 1612870434.7882922, 1612870436.3081067, 1612870437.7832284, 1612870439.2633333, 1612870441.0386147, 1612870445.0082881, 1612870446.7629325, 1612870448.5610445, 1612870450.3297508, 1612870451.9203641, 1612870453.434179, 1612870457.1896322, 1612870458.9264967, 1612870460.659946, 1612870462.4285262, 1612870464.1417968, 1612870465.8753495, 1612870467.5099392, 1612870471.1595879, 1612870472.8980124, 1612870474.694265, 1612870476.4444656, 1612870478.2129383, 1612870479.9822526, 1612870481.954968],