{"initial_reset_timestamp": 1612869827.6184952, "timestamps": [1612869830.9203372, 1612869831.1732295, 1612869831.5496917, 1612869831.8935223, 1612869832.2323172, 1612869832.5677395, 1612869834.890295, 1612869835.1337729, 1612869835.4647913, 1612869835.7950425, 1612869836.1227229, 1612869836.4498117, 1612869836.770224, 1612869839.3683617, 1612869840.887604, 1612869842.6171281, 1612869844.3045704, 1612869845.9697182, 1612869847.634753, 1612869849.3347774, 1612869853.0056686, 1612869854.5754676, 1612869856.2482033, 1612869857.9751866, 1612869859.1993263, 1612869860.8982108, 1612869862.5912774, 1612869866.2872548, 1612869867.8847554, 1612869869.6535642, 1612869871.3659422, 1612869873.0868616, 1612869874.8803918, 1612869876.6383874, 1612869880.3745883, 1612869882.0639784, 1612869883.787499, 1612869885.5858784, 1612869887.3213232, 1612869889.1253858, 1612869893.1046598, 1612869894.6809843, 1612869896.504854, 1612869898.2903178, 1612869900.0469909, 1612869901.8151407, 1612869903.5231786, 1612869907.2029102, 1612869908.775247, 1612869910.4719622, 1612869912.2412014, 1612869914.0053267, 1612869915.7736325, 1612869917.4907622, 1612869921.1720784, 1612869922.887719, 1612869924.5903566, 1612869926.3227894, 1612869928.0851855, 1612869929.862408, 1612869933.6405327, 1612869935.1390266, 1612869936.817532, 1612869938.6100094, 1612869940.3532715, 1612869942.0624614, 1612869943.812556, 1612869947.7033086, 1612869949.2229786, 1612869950.945882, 1612869952.693793, 1612869954.4969401, 1612869956.3018, 1612869958.0289023, 1612869961.8490276, 1612869963.4762135, 1612869965.1741333, 1612869966.951857, 1612869968.6986232, 1612869970.4401703, 1612869974.2399557, 1612869975.7588766, 1612869977.5779705, 1612869979.3797483, 1612869981.1597686, 1612869982.9842126, 1612869984.7856035, 1612869989.0235791, 1612869990.6583076, 1612869992.3842862, 1612869994.1248515, 1612869995.95263, 1612869997.721, 1612869999.4348104, 1612870004.725042, 1612870006.4641788, 1612870008.1742852, 1612870009.90275, 1612870011.7372808, 1612870013.5341802, 1612870019.5137706, 1612870021.304015, 1612870023.0857596, 1612870024.8376696, 1612870026.6985366, 1612870028.4021544, 1612870029.9445417, 1612870035.311742, 1612870036.9769905, 1612870038.7025986, 1612870040.418921, 1612870042.1657565, 1612870043.6426294, 1612870045.2956145, 1612870051.2315128, 1612870052.9381416, 1612870054.62846, 1612870056.1320798, 1612870057.6842735, 1612870059.3863878, 1612870065.4790518, 1612870067.2138102, 1612870068.7667038, 1612870070.2701566, 1612870071.989914, 1612870073.7043977, 1612870075.4027069, 1612870079.8265193, 1612870081.5411088, 1612870083.0336113, 1612870084.7556312, 1612870086.5169835, 1612870088.2209923, 1612870089.9793432, 1612870095.0891643, 1612870096.6000168, 1612870098.314327, 1612870100.042028, 1612870101.8141453, 1612870102.7852478, 1612870104.528919, 1612870110.0619414, 1612870111.7623374, 1612870113.4861279, 1612870115.2005146, 1612870116.8691432, 1612870118.5387957, 1612870124.356054, 1612870126.15616, 1612870127.873708, 1612870129.6619844, 1612870131.3931081, 1612870133.1561995, 1612870134.8881435, 1612870140.5905375, 1612870142.3129964, 1612870144.046279, 1612870145.795746, 1612870147.538121, 1612870149.1127365, 1612870150.5998316, 1612870156.5934722, 1612870158.4112551, 1612870160.1723704, 1612870161.939797, 1612870163.5863764, 1612870165.1851108, 1612870171.3239434, 1612870173.0258715, 1612870174.7710874, 1612870176.3855538, 1612870177.9201636, 1612870179.7402782, 1612870181.4732368, 1612870187.6033473, 1612870189.3119073, 1612870190.8434486, 1612870192.540648, 1612870194.2669861, 1612870195.9448493, 1612870197.6233554, 1612870203.7682264, 1612870205.3816352, 1612870207.1595871, 1612870208.9238932, 1612870210.6601722, 1612870212.4119837, 1612870218.6897256, 1612870220.4056535, 1612870222.0844467, 1612870223.7996287, 1612870225.535033, 1612870227.2605965, 1612870228.954879, 1612870234.9845843, 1612870236.6736846, 1612870238.3987913, 1612870240.1342795, 1612870241.8477957, 1612870243.384449, 1612870244.968019, 1612870250.863106, 1612870252.588837, 1612870254.3451781, 1612870255.9504435, 1612870257.488856, 1612870259.2162108, 1612870265.196907, 1612870266.9587631, 1612870268.6810145, 1612870270.1881905, 1612870271.8721445, 1612870273.628498, 1612870275.340457, 1612870281.6625648, 1612870283.2337208, 1612870284.869956, 1612870286.551744, 1612870288.2877405, 1612870290.0248528, 1612870291.7604296, 1612870297.9472218, 1612870299.665727, 1612870301.4355497, 1612870303.2253094, 1612870304.9812224, 1612870306.7002409, 1612870313.1336687, 1612870314.8731806, 1612870316.6859815, 1612870318.4729586, 1612870320.2332692, 1612870321.9710224, 1612870323.5600262, 1612870329.937939, 1612870331.6872957, 1612870333.4559062, 1612870335.2481372, 1612870336.7576501, 1612870338.337972, 1612870340.0831733, 1612870346.077343, 1612870347.7721093, 1612870349.3298924, 1612870350.8876798, 1612870352.6102366, 1612870354.3229148, 1612870360.6298876, 1612870362.2034986, 1612870363.7594178, 1612870365.5782626, 1612870367.3391526, 1612870369.0860648, 1612870370.825012, 1612870377.0365908, 1612870378.760574, 1612870380.4885406, 1612870382.1864023, 1612870383.8703878, 1612870385.5742376, 1612870387.263053, 1612870393.683163, 1612870395.4080253, 1612870397.1560197, 1612870398.8876784, 1612870400.6448975, 1612870402.3192744, 1612870408.3116417, 1612870410.044242, 1612870411.7818556, 1612870413.4702716, 1612870415.073983, 1612870416.5235467, 1612870418.1313467, 1612870424.3220816, 1612870426.0604258, 1612870427.8710694, 1612870429.4198983, 1612870431.1404653, 1612870432.9135988, 1612870434.6861448, 1612870440.7817245, 1612870442.378251, 1612870444.0357316, 1612870445.7802258, 1612870447.5608835, 1612870449.0642908, 1612870450.7814043, 1612870456.8578362, 1612870458.5779817, 1612870460.3200023, 1612870462.0365496, 1612870463.7715824, 1612870465.4982045, 1612870471.8845627, 1612870473.691254, 1612870475.4641051, 1612870477.2384925, 1612870478.9756227, 1612870480.7772422, 1612870482.609998, 1612870488.344364, 1612870489.743421, 1612870491.1317298, 1612870492.4900887, 1612870493.8804324, 1612870495.2597644, 1612870496.619801, 1612870502.3260782, 1612870503.6892743, 1612870505.0592105, 1612870506.4145, 1612870507.776637, 1612870509.1404119, 1612870514.546197, 1612870515.9237921, 1612870517.2796526, 1612870518.6551604, 1612870520.0152557, 1612870521.3910546, 1612870522.777462, 1612870528.532655, 1612870529.938838, 1612870531.3012228, 1612870532.6671827, 1612870534.0249753, 1612870535.4185457, 1612870536.782373, 1612870542.2652652, 1612870543.6543603, 1612870545.0341742, 1612870546.4148088, 1612870547.782211, 1612870549.1357946],