{"initial_reset_timestamp": 1612881328.5677817, "timestamps": [1612881332.7434902, 1612881332.944295, 1612881333.242254, 1612881333.5969005, 1612881333.933374, 1612881334.2656076, 1612881334.5927079, 1612881334.923047, 1612881335.2440422, 1612881335.563218, 1612881338.9065762, 1612881339.2271113, 1612881339.54605, 1612881339.8645527, 1612881340.1829553, 1612881340.502478, 1612881340.8239017, 1612881341.166794, 1612881341.484382, 1612881341.8028498, 1612881345.1781075, 1612881345.5275052, 1612881345.8544405, 1612881346.1742268, 1612881346.495955, 1612881346.821214, 1612881347.1439884, 1612881347.4642181, 1612881347.7828536, 1612881348.1091714, 1612881351.4894352, 1612881351.807688, 1612881352.1254897, 1612881352.445061, 1612881352.7672102, 1612881353.0907357, 1612881353.4136527, 1612881353.733674, 1612881354.052223, 1612881354.3696518, 1612881357.736149, 1612881358.0685468, 1612881358.3978062, 1612881358.7214644, 1612881359.0432312, 1612881359.363426, 1612881359.680665, 1612881359.9966702, 1612881360.3365772, 1612881360.6525793, 1612881363.9805577, 1612881364.2914453, 1612881364.6288385, 1612881364.9418926, 1612881365.2544043, 1612881365.5678163, 1612881365.8849154, 1612881366.206289, 1612881366.526761, 1612881366.8431976, 1612881370.1392317, 1612881370.4593642, 1612881370.780231, 1612881371.0964198, 1612881371.4143224, 1612881371.732852, 1612881372.052178, 1612881372.3712573, 1612881372.6962805, 1612881373.016386, 1612881376.4626172, 1612881376.778886, 1612881377.104784, 1612881377.4404757, 1612881377.7573545, 1612881378.0752184, 1612881378.3956773, 1612881378.720993, 1612881379.0346599, 1612881379.3499413, 1612881382.8066998, 1612881383.1235774, 1612881383.4427404, 1612881383.7606657, 1612881384.0999322, 1612881384.414522, 1612881384.734435, 1612881385.0533187, 1612881385.3696017, 1612881385.687593, 1612881389.1008713, 1612881389.4160173, 1612881389.7326794, 1612881390.0493867, 1612881390.3626647, 1612881390.680219, 1612881390.994142, 1612881391.3160164, 1612881391.6293123, 1612881391.944098, 1612881395.9443655, 1612881396.9017694, 1612881397.8648725, 1612881398.8369613, 1612881399.6830857, 1612881400.5108964, 1612881401.3826897, 1612881402.328335, 1612881403.270841, 1612881404.2302666, 1612881408.3398018, 1612881409.3497946, 1612881410.2576778, 1612881411.091874, 1612881411.9725893, 1612881412.9304442, 1612881413.8660429, 1612881414.7903128, 1612881415.7405903, 1612881416.6764545, 1612881420.7518032, 1612881421.6364765, 1612881422.5785835, 1612881423.526134, 1612881424.4747243, 1612881425.4297826, 1612881426.386678, 1612881427.34406, 1612881428.3037918, 1612881429.2565308, 1612881433.2341242, 1612881434.2062604, 1612881435.1567907, 1612881436.0921547, 1612881437.0597413, 1612881438.1217577, 1612881439.0851493, 1612881440.0232832, 1612881440.9522219, 1612881441.891122, 1612881445.8740418, 1612881446.807615, 1612881447.802164, 1612881448.7198055, 1612881449.6625514, 1612881450.6409442, 1612881451.603827, 1612881452.5881352, 1612881453.438058, 1612881454.3101048, 1612881458.3565676, 1612881459.3302925, 1612881460.2800329, 1612881461.1897693, 1612881462.1325722, 1612881463.0680504, 1612881463.9896, 1612881464.8263412, 1612881465.6828744, 1612881466.5037777, 1612881470.432008, 1612881471.386034, 1612881472.3698661, 1612881473.3282504, 1612881474.257186, 1612881475.1906617, 1612881476.1384568, 1612881477.0837004, 1612881477.9819617, 1612881478.8401208, 1612881482.804025, 1612881483.7679935, 1612881484.742625, 1612881485.7052648, 1612881486.6652699, 1612881487.637995, 1612881488.611503, 1612881489.5682378, 1612881490.5681212, 1612881491.5046892, 1612881495.3557894, 1612881496.2664406, 1612881497.1704934, 1612881498.1065125, 1612881499.0211847, 1612881499.9307628, 1612881500.8552394, 1612881501.7670343, 1612881502.707825, 1612881503.6483152, 1612881507.4109824, 1612881508.2790742, 1612881509.1621714, 1612881510.0920234, 1612881510.992144, 1612881511.9109051, 1612881512.8425121, 1612881513.7564943, 1612881514.6668706, 1612881515.5867784, 1612881519.4678938, 1612881520.315097, 1612881521.185426, 1612881522.0773165, 1612881522.923197, 1612881523.803343, 1612881524.7163537, 1612881525.631451, 1612881526.553739, 1612881527.4974017, 1612881531.4958715, 1612881532.3726053, 1612881533.2810788, 1612881534.1514227, 1612881535.0135329, 1612881535.8373902, 1612881536.66113, 1612881537.4892209, 1612881538.3162582, 1612881539.2040942, 1612881543.1577806, 1612881544.0600753, 1612881544.9663627, 1612881545.8691754, 1612881546.7681808, 1612881547.6603453, 1612881548.5692205, 1612881549.394566, 1612881550.2475307, 1612881551.1054318, 1612881555.0937104, 1612881556.0165896, 1612881556.9451585, 1612881557.9181833, 1612881558.848193, 1612881559.7524598, 1612881560.6856978, 1612881561.6188338, 1612881562.5182436, 1612881563.335659, 1612881567.191579, 1612881568.1139946, 1612881569.0182774, 1612881569.9410791, 1612881570.8413663, 1612881571.746593, 1612881572.6494384, 1612881573.5905516, 1612881574.5640519, 1612881575.483019, 1612881579.3146899, 1612881580.1717067, 1612881581.0197747, 1612881581.9704049, 1612881582.891299, 1612881583.813244, 1612881584.7471635, 1612881585.6679387, 1612881586.5781703, 1612881587.4965558, 1612881591.5048969, 1612881592.3724418, 1612881593.2741082, 1612881594.1398685, 1612881594.9911187, 1612881595.8442793, 1612881596.728865, 1612881597.6456878, 1612881598.549927, 1612881599.4625893, 1612881603.573578, 1612881604.480475, 1612881605.4023058, 1612881606.324397, 1612881607.025728, 1612881607.8455696, 1612881608.6667168, 1612881609.4972243, 1612881610.320435, 1612881611.1394515, 1612881615.1335533, 1612881616.0783632, 1612881617.0268795, 1612881617.9529543, 1612881618.8747416, 1612881619.7980492, 1612881620.4340146, 1612881621.397581, 1612881622.321082, 1612881623.2115393, 1612881627.5137775, 1612881628.3945708, 1612881629.328806, 1612881630.1024532, 1612881631.0235486, 1612881631.6506763, 1612881632.3766007, 1612881633.300057, 1612881634.2535641, 1612881635.1577134, 1612881636.0789933, 1612881640.023994, 1612881640.8634827, 1612881641.6129808, 1612881642.469612, 1612881643.3280816, 1612881644.1843827, 1612881645.0595734, 1612881645.9841845, 1612881646.9283717, 1612881647.8657043, 1612881652.0297608, 1612881652.961258, 1612881653.8762162, 1612881654.8272014, 1612881655.6762996, 1612881656.533448, 1612881657.3787677, 1612881657.967947, 1612881658.8759415, 1612881659.7876205, 1612881660.74936, 1612881664.3818467, 1612881665.309312, 1612881666.2636776, 1612881667.2668293, 1612881668.185938, 1612881669.1157951, 1612881670.041175, 1612881670.97494, 1612881671.8131135, 1612881672.662779, 1612881676.5963554, 1612881677.171878, 1612881677.846728, 1612881678.8046153, 1612881679.5088096, 1612881680.449441, 1612881681.339348, 1612881682.2406225, 1612881683.1467655, 1612881684.0665922, 1612881684.9866595, 1612881685.7101088, 1612881689.574448, 1612881690.4020858, 1612881691.1326308, 1612881691.981239, 1612881692.862217, 1612881693.7864842, 1612881694.7117634, 1612881695.6441293, 1612881696.6069787, 1612881697.5477302, 1612881701.1374016, 1612881702.0624342, 1612881702.9938314, 1612881703.8788931, 1612881704.5660803, 1612881705.4242852, 1612881706.2881737, 1612881706.954047, 1612881707.8541167, 1612881708.7350118, 1612881709.210975, 1612881713.1693635, 1612881714.0997822, 1612881714.609, 1612881715.4731574, 1612881716.4209728, 1612881717.3894978, 1612881718.36797, 1612881719.2742457, 1612881720.1239152, 1612881721.0218718, 1612881721.6663735, 1612881725.6250298, 1612881726.5584383, 1612881727.4965293, 1612881728.4179149, 1612881729.370706, 1612881730.3724828, 1612881731.321802, 1612881732.0692136, 1612881733.0288298, 1612881733.9694433, 1612881734.9127116, 1612881738.7987747, 1612881739.4791, 1612881740.329989, 1612881741.0592077, 1612881741.9560008, 1612881742.8599038, 1612881743.7544513, 1612881744.6633089, 1612881745.5674157, 1612881746.4569933, 1612881750.4050288, 1612881751.3237088, 1612881752.1793096, 1612881753.0447874, 1612881753.9089923, 