{"initial_reset_timestamp": 1612881329.97996, "timestamps": [1612881330.6380086, 1612881330.863432, 1612881331.0891173, 1612881331.33175, 1612881331.554633, 1612881331.781568, 1612881332.007332, 1612881332.2353601, 1612881332.4645243, 1612881332.703753, 1612881336.66409, 1612881336.8999596, 1612881337.1388946, 1612881337.3728783, 1612881337.6019046, 1612881337.8325007, 1612881338.0697334, 1612881338.2953897, 1612881338.522539, 1612881338.747863, 1612881342.9013176, 1612881343.135784, 1612881343.3692772, 1612881343.6003914, 1612881343.8300097, 1612881344.0702903, 1612881344.3125498, 1612881344.550355, 1612881344.7851224, 1612881345.018686, 1612881349.2062142, 1612881349.4376566, 1612881349.6748285, 1612881349.9174323, 1612881350.1777434, 1612881350.4067798, 1612881350.6399002, 1612881350.88016, 1612881351.1063404, 1612881351.3338578, 1612881355.4744897, 1612881355.6996884, 1612881355.9296293, 1612881356.1627731, 1612881356.4005466, 1612881356.629837, 1612881356.863153, 1612881357.0979605, 1612881357.3383737, 1612881357.580007, 1612881361.727632, 1612881361.9571683, 1612881362.1862671, 1612881362.427343, 1612881362.6611655, 1612881362.889167, 1612881363.1265278, 1612881363.3653612, 1612881363.6008692, 1612881363.8273978, 1612881367.9222567, 1612881368.1512067, 1612881368.3789456, 1612881368.603317, 1612881368.8302362, 1612881369.0806904, 1612881369.3053575, 1612881369.532333, 1612881369.757805, 1612881369.9859104, 1612881374.1450577, 1612881374.3874404, 1612881374.6199214, 1612881374.8627312, 1612881375.1056852, 1612881375.3475153, 1612881375.590171, 1612881375.8266046, 1612881376.0691013, 1612881376.3093622, 1612881380.46048, 1612881380.7001555, 1612881380.9403646, 1612881381.1803188, 1612881381.417548, 1612881381.6661525, 1612881381.9190533, 1612881382.1684816, 1612881382.4111998, 1612881382.653983, 1612881386.7835834, 1612881387.0241022, 1612881387.2636762, 1612881387.5029, 1612881387.7507045, 1612881387.9884193, 1612881388.223618, 1612881388.4603655, 1612881388.712792, 1612881388.9482143, 1612881393.0216467, 1612881393.2575638, 1612881393.520696, 1612881393.7576122, 1612881393.9938967, 1612881394.2289395, 1612881394.4634585, 1612881394.6983836, 1612881394.9330018, 1612881395.1685853, 1612881405.3411684, 1612881405.5826466, 1612881405.8215115, 1612881406.0620944, 1612881406.2978568, 1612881406.5369422, 1612881406.7755437, 1612881407.013729, 1612881407.3132827, 1612881407.5584645, 1612881417.7546308, 1612881417.981577, 1612881418.2179222, 1612881418.4546585, 1612881418.689591, 1612881418.9245656, 1612881419.1598103, 1612881419.3608549, 1612881419.5925431, 1612881419.8573515, 1612881420.0820394, 1612881430.394579, 1612881430.6373305, 1612881430.8955705, 1612881431.126084, 1612881431.3593779, 1612881431.6010897, 1612881431.8353531, 1612881432.0687056, 1612881432.2993822, 1612881432.5357778, 1612881442.997747, 1612881443.2296062, 1612881443.4684944, 1612881443.6966116, 1612881443.931051, 1612881444.1586034, 1612881444.3932095, 1612881444.6333477, 1612881444.8707466, 1612881445.1093128, 1612881455.3841708, 1612881455.6193357, 1612881455.8551593, 1612881456.0951827, 1612881456.3458893, 1612881456.596018, 1612881456.8278387, 1612881457.0803666, 1612881457.3155673, 1612881457.5662377, 1612881467.5678804, 1612881467.7926655, 1612881468.0158463, 1612881468.244473, 1612881468.4807374, 1612881468.7432032, 1612881468.9773939, 1612881469.210106, 1612881469.4469974, 1612881469.682003, 1612881479.9423268, 1612881480.1731932, 1612881480.4019237, 1612881480.6274643, 1612881480.8535497, 1612881481.0816276, 1612881481.3115947, 1612881481.5461514, 1612881481.7773345, 1612881482.016869, 1612881492.587312, 1612881492.8174853, 1612881493.0566287, 1612881493.2951944, 1612881493.5232773, 1612881493.7506256, 1612881493.9789522, 1612881494.208701, 1612881494.4355357, 1612881494.661522, 1612881504.7184737, 1612881504.9388504, 1612881505.157458, 1612881505.378703, 1612881505.5999188, 1612881505.8188484, 1612881506.067488, 1612881506.2860467, 1612881506.505875, 1612881506.7249928, 1612881516.6541467, 1612881516.9153678, 1612881517.1542509, 1612881517.3910131, 1612881517.6194067, 1612881517.8568711, 1612881518.093665, 1612881518.3302712, 1612881518.5681546, 1612881518.802869, 1612881528.6640308, 1612881528.8981755, 1612881529.1328819, 1612881529.374587, 1612881529.6151464, 1612881529.8445144, 1612881530.0742562, 1612881530.3050957, 1612881530.534391, 1612881530.7596223, 1612881540.2844748, 1612881540.5195253, 1612881540.757789, 1612881540.9853003, 1612881541.2257795, 1612881541.462871, 1612881541.6995308, 1612881541.9346921, 1612881542.1887884, 1612881542.4262218, 1612881552.1831913, 1612881552.4101133, 1612881552.6793885, 1612881552.9171717, 1612881553.1466563, 1612881553.3869543, 1612881553.62236, 1612881553.8608913, 1612881554.0921779, 1612881554.3339484, 1612881564.4327307, 1612881564.6563864, 1612881564.8801148, 1612881565.1044853, 1612881565.3336017, 1612881565.5576975, 1612881565.7813516, 1612881566.0036736, 1612881566.2283967, 1612881566.4514277, 1612881576.597661, 1612881576.8419633, 1612881577.068056, 1612881577.2891414, 1612881577.510769, 1612881577.7318473, 1612881577.9557595, 1612881578.1863542, 1612881578.4142973, 1612881578.639475, 1612881588.590663, 1612881588.8309326, 1612881589.0660446, 1612881589.3027472, 1612881589.5442383, 1612881589.786015, 1612881590.0548453, 1612881590.2893836, 1612881590.521746, 1612881590.7619004, 1612881600.5585654, 1612881600.8148503, 1612881601.0967908, 1612881601.3401093, 1612881601.5843768, 1612881601.8331847, 1612881602.0847924, 1612881602.3362324, 1612881602.5863492, 1612881602.8312223, 1612881612.396232, 1612881612.6199613, 1612881612.8574612, 1612881613.0950177, 1612881613.3333387, 1612881613.5666032, 1612881613.797225, 1612881614.040807, 1612881614.2906837, 1612881614.5405276, 1612881624.7306135, 1612881624.9669032, 1612881625.2005827, 1612881625.4212961, 1612881625.630621, 1612881625.8629694, 1612881626.0985928, 1612881626.296171, 1612881626.530877, 1612881626.7669504, 1612881627.0293684, 1612881627.2661476, 1612881637.6095057, 1612881637.8695953, 1612881638.1005962, 1612881638.3323221, 1612881638.5692167, 1612881638.8057184, 1612881639.03284, 1612881639.2573256, 1612881639.4838262, 1612881639.7108834, 1612881649.5844812, 1612881649.8229475, 1612881650.0615811, 1612881650.298718, 1612881650.4999595, 1612881650.728501, 1612881650.9643824, 1612881651.19928, 1612881651.439619, 1612881651.6667035, 1612881651.8778284, 1612881662.0734155, 1612881662.300855, 1612881662.5364304, 1612881662.773206, 1612881663.0061085, 1612881663.2364244, 1612881663.4611437, 1612881663.6911383, 1612881663.9284346, 1612881664.164931, 1612881674.3082285, 1612881674.538072, 1612881674.766779, 1612881674.9933653, 1612881675.2170238, 1612881675.4403183, 1612881675.7008715, 1612881675.932072, 1612881676.161325, 1612881676.3850532, 1612881686.924848, 1612881687.1618137, 1612881687.3875995, 1612881687.613636, 1612881687.838093, 1612881688.0663588, 1612881688.294735, 1612881688.522191, 1612881688.7534132, 1612881688.9845922, 1612881698.9252424, 1612881699.1671352, 1612881699.4132805, 1612881699.6526492, 1612881699.8874621, 1612881700.115411, 1612881700.3453667, 1612881700.5821815, 1612881700.813702, 1612881701.044697, 1612881711.0395563, 1612881711.270488, 1612881711.509466, 1612881711.7492714, 1612881711.9877825, 1612881712.225791, 1612881712.4644957, 1612881712.7036126, 1612881712.9261353, 1612881713.1662807, 1612881723.4275072, 1612881723.6640575, 1612881723.8998315, 1612881724.1348228, 1612881724.3697937, 1612881724.6014123, 1612881724.8776653, 1612881725.1205354, 1612881725.362131, 1612881725.5959275, 1612881736.162328, 1612881736.3890555, 1612881736.6541247, 1612881736.8829434, 1612881737.115152, 1612881737.3433518, 1612881737.571814, 1612881737.8011556, 1612881738.0344775, 1612881738.2645175, 1612881748.0734863, 1612881748.3115032, 1612881748.5504737, 1612881748.7859087, 1612881749.0162034, 1612881749.253484, 1612881749.4941578, 1612881749.7352898, 