{"initial_reset_timestamp": 1612872266.6218972, "timestamps": [1612872270.0063832, 1612872270.2736864, 1612872270.6533601, 1612872271.0045226, 1612872271.3893435, 1612872271.733351, 1612872274.3761885, 1612872274.7444165, 1612872275.10457, 1612872275.4945705, 1612872275.8821673, 1612872276.2720308, 1612872276.672572, 1612872280.2420893, 1612872282.1513464, 1612872284.2869627, 1612872286.661426, 1612872289.0683331, 1612872291.4882936, 1612872293.9627285, 1612872298.8653076, 1612872301.1649044, 1612872303.449783, 1612872305.9011304, 1612872308.352073, 1612872310.7963743, 1612872315.7033749, 1612872317.8734007, 1612872320.1432552, 1612872322.5575123, 1612872324.9690852, 1612872327.3793879, 1612872329.8309567, 1612872334.694102, 1612872337.003879, 1612872339.406114, 1612872341.8385048, 1612872343.1108506, 1612872345.446413, 1612872347.7551982, 1612872348.8762252, 1612872353.3873844, 1612872354.7490683, 1612872357.0140946, 1612872359.2596838, 1612872361.5359843, 1612872363.9405625, 1612872366.4318137, 1612872371.2411244, 1612872373.321944, 1612872375.470811, 1612872377.7900789, 1612872380.1688998, 1612872382.636325, 1612872385.103768, 1612872389.921437, 1612872392.1498659, 1612872394.4693809, 1612872396.9273245, 1612872399.3283045, 1612872401.7428885, 1612872406.8240488, 1612872409.0307589, 1612872411.2349987, 1612872413.55993, 1612872416.001485, 1612872418.4058015, 1612872420.8641896, 1612872425.7380996, 1612872428.1342194, 1612872430.3467846, 1612872432.7622979, 1612872435.1361632, 1612872437.5661192, 1612872440.0171342, 1612872444.9636679, 1612872447.2917411, 1612872449.5298183, 1612872451.90326, 1612872454.325401, 1612872456.7453444, 1612872461.7719448, 1612872463.9923034, 1612872466.2520366, 1612872468.6965566, 1612872471.014807, 1612872473.326528, 1612872475.672594, 1612872480.4122066, 1612872482.6651158, 1612872485.0546117, 1612872487.4808242, 1612872489.90801, 1612872492.276869, 1612872494.6575327, 1612872499.3491457, 1612872501.672024, 1612872504.0461638, 1612872506.488973, 1612872508.9248486, 1612872511.40969, 1612872516.4644716, 1612872518.67378, 1612872521.0832908, 1612872523.4578276, 1612872525.9457479, 1612872528.3488517, 1612872530.795248, 1612872535.4650218, 1612872537.6508443, 1612872540.020857, 1612872542.3245244, 1612872544.6640415, 1612872547.144393, 1612872549.5259016, 1612872554.4964764, 1612872556.8551118, 1612872559.3289335, 1612872561.8415408, 1612872564.3218162, 1612872566.7924824, 1612872571.5740798, 1612872573.939089, 1612872576.401992, 1612872578.8978457, 1612872581.4043653, 1612872583.9463258, 1612872586.3387873, 1612872591.1178784, 1612872593.487364, 1612872595.921761, 1612872598.3725722, 1612872600.79106, 1612872603.0581012, 1612872605.3603241, 1612872609.6540506, 1612872612.0639255, 1612872614.457862, 1612872616.8393133, 1612872619.2721646, 1612872621.5647771, 1612872626.446851, 1612872628.5872674, 1612872630.8588681, 1612872633.32075, 1612872635.6856759, 1612872638.108577, 1612872640.520139, 1612872645.2080238, 1612872647.5191941, 1612872649.7106366, 1612872652.1122441, 1612872654.5462577, 1612872656.9946396, 1612872659.4388678, 1612872664.055118, 1612872666.365199, 1612872668.6175964, 1612872671.0414248, 1612872673.4703984, 1612872675.949971, 1612872680.7848947, 1612872682.9704719, 1612872685.3594246, 1612872687.7362795, 1612872690.1391764, 1612872692.5385747, 1612872694.911757, 1612872699.7736852, 1612872702.1605313, 1612872704.4549592, 1612872706.7933342, 1612872709.1877134, 1612872711.5957558, 1612872714.0103931, 1612872718.9846792, 1612872721.327822, 1612872723.4204962, 1612872725.8590097, 1612872728.2106733, 1612872730.6171217, 1612872735.5353742, 1612872737.978572, 1612872740.31562, 1612872742.7577858, 1612872745.221688, 1612872747.606583, 1612872750.0047607, 1612872754.8688297, 1612872757.294583, 1612872759.6948047, 1612872762.14638, 1612872764.5403516, 1612872766.9743624, 1612872769.439635, 1612872774.5462105, 1612872776.9557424, 1612872779.146555, 1612872781.3810046, 1612872783.7711332, 1612872786.1060116, 1612872790.9076297, 1612872793.2855752, 1612872795.7424734, 1612872797.8663754, 1612872800.1918988, 1612872802.54593, 1612872804.9208925, 1612872809.7766407, 1612872812.1465404, 1612872814.502134, 1612872816.8872862, 1612872819.082691, 1612872821.2828898, 1612872823.6943383, 1612872828.6268368, 1612872831.0522363, 1612872833.397314, 1612872835.6815162, 1612872837.9670928, 1612872840.316114, 1612872845.1547394, 1612872847.5518997, 1612872849.9680629, 1612872852.409525, 1612872854.73775, 1612872857.0948083, 1612872859.3787117, 1612872864.1188493, 1612872866.573291, 1612872868.9679058, 1612872871.3342972, 1612872873.6306303, 1612872876.1258023, 1612872878.5328398, 1612872883.3682947, 1612872885.7623868, 1612872888.2004244, 1612872890.6483362, 1612872893.0078013, 1612872895.528359, 1612872901.03298, 1612872903.479109, 1612872905.9437025, 1612872908.3389013, 1612872910.674981, 1612872913.0956788, 1612872915.5318482, 1612872920.223298, 1612872922.486027, 1612872924.7757494, 1612872927.336352, 1612872929.667508, 1612872932.1581311, 1612872934.5465705, 1612872939.4356904, 1612872941.4940205, 1612872943.7747571, 1612872946.0721438, 1612872948.517133, 1612872951.0062807, 1612872955.768736, 1612872958.215821, 1612872960.539298, 1612872962.8752444, 1612872965.1695511, 1612872967.5890312, 1612872969.9910533, 1612872975.1461225, 1612872977.4899018, 1612872979.9022627, 1612872982.1640663, 1612872984.3767006, 1612872986.6642392, 1612872989.0384233, 1612872994.22866, 1612872996.652784, 1612872999.098494, 1612873001.4493465, 1612873003.895735, 1612873006.2405555, 1612873011.3245795, 1612873013.5893366, 1612873016.051728, 1612873018.5031593, 1612873020.8884063, 1612873023.28328, 1612873025.6490805, 1612873030.7226775, 1612873032.943477, 1612873035.3689544, 1612873037.7401507, 1612873040.208766, 1612873042.4594262, 1612873044.8650882, 1612873049.9615126, 1612873052.3029814, 1612873054.7707398, 1612873057.2180414, 1612873059.6226184, 1612873061.959112, 1612873067.171173, 1612873069.3133395, 1612873071.634074, 1612873074.0100129, 1612873076.352698, 1612873078.769454, 1612873081.12144, 1612873086.1396244, 1612873088.3689396, 1612873090.8139138, 1612873093.1729548, 1612873095.504725, 1612873097.9491599, 1612873100.3063617, 1612873105.6264584, 1612873108.0641267, 1612873110.5246193, 1612873112.9700503, 1612873115.364676, 1612873117.779483, 1612873122.5271347, 1612873124.8280754, 1612873127.0603976, 1612873129.4910245, 1612873131.975708, 1612873134.4142592, 1612873136.9773467, 1612873142.0040364, 1612873144.3255975, 1612873146.837852, 1612873149.3733025, 1612873151.819389, 1612873154.2673953, 1612873156.430063],