{"initial_reset_timestamp": 1612872268.0045195, "timestamps": [1612872268.6901846, 1612872268.912248, 1612872269.1160028, 1612872269.3112743, 1612872269.513542, 1612872269.7272654, 1612872269.935198, 1612872273.006721, 1612872273.202511, 1612872273.4064806, 1612872273.6171033, 1612872273.8170989, 1612872274.0306087, 1612872274.286103, 1612872278.1113868, 1612872278.3564553, 1612872278.5902085, 1612872278.8355887, 1612872279.0562425, 1612872279.2709527, 1612872279.459166, 1612872295.4180908, 1612872295.69958, 1612872295.9700072, 1612872296.2404516, 1612872296.492725, 1612872296.766463, 1612872297.0386677, 1612872313.7680075, 1612872314.009045, 1612872314.2677631, 1612872314.5163553, 1612872314.7652566, 1612872315.0175314, 1612872315.2853978, 1612872332.031423, 1612872332.291872, 1612872332.5443318, 1612872332.7953808, 1612872333.0523107, 1612872333.2954092, 1612872333.5495393, 1612872350.341649, 1612872350.5955548, 1612872350.855757, 1612872351.1009111, 1612872351.350834, 1612872351.586579, 1612872351.8182077, 1612872368.152232, 1612872368.3848295, 1612872368.6415849, 1612872368.8999104, 1612872369.1382248, 1612872369.3943424, 1612872369.6521342, 1612872386.2403057, 1612872386.490332, 1612872386.740593, 1612872387.017716, 1612872387.2915416, 1612872387.5691047, 1612872387.8402667, 1612872404.513717, 1612872404.777929, 1612872405.0432153, 1612872405.360585, 1612872405.6339064, 1612872405.893052, 1612872406.1629002, 1612872422.7934103, 1612872423.056891, 1612872423.2983065, 1612872423.5586984, 1612872423.8284318, 1612872424.0871878, 1612872424.3732736, 1612872441.167111, 1612872441.4347858, 1612872441.7236636, 1612872442.0364304, 1612872442.3137972, 1612872442.5854952, 1612872442.864415, 1612872459.545325, 1612872459.8533454, 1612872460.1164095, 1612872460.3896863, 1612872460.631376, 1612872460.8826077, 1612872461.1404517, 1612872477.5819275, 1612872477.8621132, 1612872478.1259875, 1612872478.3725433, 1612872478.6483748, 1612872478.8865926, 1612872479.1206644, 1612872495.779565, 1612872496.0569282, 1612872496.3505895, 1612872496.639483, 1612872496.9075148, 1612872497.1444316, 1612872497.3820686, 1612872514.110816, 1612872514.3616774, 1612872514.6497304, 1612872514.9407642, 1612872515.218649, 1612872515.5040693, 1612872515.7384162, 1612872532.7408323, 1612872532.992969, 1612872533.2290258, 1612872533.4685864, 1612872533.7043977, 1612872533.959048, 1612872534.187659, 1612872550.7898352, 1612872551.0792243, 1612872551.3463833, 1612872551.613375, 1612872551.876418, 1612872552.1833115, 1612872552.4279358, 1612872569.3895838, 1612872569.6402183, 1612872569.9279873, 1612872570.1927285, 1612872570.4657402, 1612872570.7336028, 1612872570.9842372, 1612872588.2211258, 1612872588.457326, 1612872588.7375047, 1612872588.9974022, 1612872589.2348146, 1612872589.474399, 1612872589.7394655, 1612872606.4651568, 1612872606.703268, 1612872606.9389606, 1612872607.1781187, 1612872607.4533722, 1612872607.7071104, 1612872607.9596987, 1612872624.1012197, 1612872624.3288877, 1612872624.5552537, 1612872624.7789016, 1612872625.0003753, 1612872625.2413154, 1612872625.4898026, 1612872625.7596796, 1612872642.4678104, 1612872642.703046, 1612872642.9519546, 1612872643.1812885, 1612872643.4361677, 1612872643.6729136, 1612872643.90253, 1612872660.5233397, 1612872660.7282023, 1612872660.9559228, 1612872661.1818128, 1612872661.4045784, 1612872661.6693208, 1612872661.9110446, 1612872678.6279252, 1612872678.8955195, 1612872679.173629, 1612872679.435248, 1612872679.7041483, 1612872679.980859, 1612872680.238285, 1612872696.947542, 1612872697.2012963, 1612872697.4491088, 1612872697.7030008, 1612872697.9488912, 1612872698.1915815, 1612872698.428406, 1612872715.133602, 1612872715.3860605, 1612872715.7121255, 1612872715.9733129, 1612872716.2118664, 1612872716.4736085, 1612872716.7576954, 1612872733.3175888, 1612872733.5475347, 1612872733.8132668, 1612872734.0809147, 1612872734.3447268, 1612872734.608787, 1612872734.8738058, 1612872751.944543, 1612872752.1751657, 1612872752.4175122, 1612872752.6925116, 1612872752.9816394, 1612872753.2680056, 1612872753.5214372, 1612872770.5953739, 1612872770.7991953, 1612872771.0611277, 1612872771.326918, 1612872771.5883915, 1612872771.8088841, 1612872772.071427, 1612872772.3319204, 1612872788.730141, 1612872788.9856484, 1612872789.2484386, 1612872789.5306578, 1612872789.7660823, 1612872790.0052934, 1612872790.2905328, 1612872806.9041936, 1612872807.1294172, 1612872807.3841455, 1612872807.6423416, 1612872807.897058, 1612872808.1630812, 1612872808.4343197, 1612872824.9273396, 1612872825.207665, 1612872825.4817233, 1612872825.7556813, 1612872825.995567, 1612872826.2304318, 1612872826.465916, 1612872842.882736, 1612872843.1171386, 1612872843.3998058, 1612872843.6874661, 1612872843.9663055, 1612872844.2220805, 1612872844.479558, 1612872861.3806489, 1612872861.636197, 1612872861.8952863, 1612872862.1465812, 1612872862.3654804, 1612872862.5854394, 1612872862.8138785, 1612872879.7340548, 1612872879.9952354, 1612872880.2486138, 1612872880.508255, 1612872880.7711205, 1612872881.0320911, 1612872881.3110597, 1612872898.5219173, 1612872898.800517, 1612872899.1023428, 1612872899.4079583, 1612872899.7103384, 1612872900.024944, 1612872900.3473055, 1612872917.3728197, 1612872917.6524875, 1612872917.939285, 1612872918.1615155, 1612872918.43051, 1612872918.69502, 1612872918.9270954, 1612872935.8116593, 1612872936.0904775, 1612872936.3377762, 1612872936.585559, 1612872936.804439, 1612872937.0487294, 1612872937.2704284, 1612872953.7396646, 1612872953.957984, 1612872954.1801996, 1612872954.4040453, 1612872954.6233137, 1612872954.8355703, 1612872955.065252, 1612872971.9818068, 1612872972.2529826, 1612872972.4737864, 1612872972.724636, 1612872972.9908981, 1612872973.257166, 1612872973.5162642, 1612872973.7887852, 1612872990.1619809, 1612872990.43736, 1612872990.6564567, 1612872990.968728, 1612872991.2708054, 1612872991.504712, 1612872991.7677963, 1612872992.0033927, 1612873008.9494197, 1612873009.22174, 1612873009.5061994, 1612873009.8334723, 1612873010.1178846, 1612873010.401376, 1612873010.6578195, 1612873027.5855842, 1612873027.8467824, 1612873028.051774, 1612873028.2426746, 1612873028.5233417, 1612873028.8058684, 1612873029.082661, 1612873029.3698742, 1612873046.2806034, 1612873046.5186791, 1612873046.764402, 1612873047.003536, 1612873047.2457042, 1612873047.524651, 1612873047.8280048, 1612873064.6745827, 1612873064.9488587, 1612873065.1869998, 1612873065.43577, 1612873065.6866217, 1612873065.9546764, 1612873066.216226, 1612873066.484493, 1612873083.2394655, 1612873083.5210147, 1612873083.804649, 1612873084.0349398, 1612873084.2656913, 1612873084.4932806, 1612873084.7668746, 1612873101.7245045, 1612873102.1229565, 1612873102.4551122, 1612873102.727954, 1612873102.9741676, 1612873103.2204275, 1612873103.463179, 1612873120.327301, 1612873120.5902317, 1612873120.837018, 1612873121.0827315, 1612873121.3443444, 1612873121.6081762, 1612873121.866805, 1612873138.9381092, 1612873139.198566, 1612873139.4574912, 1612873139.7330902, 1612873139.9794984, 1612873140.2479208, 1612873140.5065649],