{"initial_reset_timestamp": 1612796841.9760215, "timestamps": [1612796846.6435788, 1612796846.8914752, 1612796847.1961186, 1612796847.5749593, 1612796847.9290729, 1612796848.2880075, 1612796848.6207542, 1612796848.9517145, 1612796849.2783341, 1612796849.6032667, 1612796853.2099226, 1612796853.5389268, 1612796853.8713286, 1612796854.1992235, 1612796854.526335, 1612796854.8531175, 1612796855.1750307, 1612796855.5256221, 1612796855.8463142, 1612796856.1659687, 1612796859.8091629, 1612796860.1544175, 1612796860.4763265, 1612796860.7967777, 1612796861.1197267, 1612796861.4427896, 1612796861.7650998, 1612796862.0844777, 1612796862.416995, 1612796862.745673, 1612796866.357379, 1612796866.688304, 1612796867.0175154, 1612796867.3409922, 1612796867.688816, 1612796868.0104544, 1612796868.3297045, 1612796868.6500523, 1612796868.9737308, 1612796869.2943788, 1612796872.8360868, 1612796873.1616642, 1612796873.4856317, 1612796873.8079507, 1612796874.128693, 1612796874.449807, 1612796874.7713168, 1612796875.0926292, 1612796875.4353454, 1612796875.7536156, 1612796879.4356298, 1612796879.7543063, 1612796880.0717034, 1612796880.4150927, 1612796880.7332687, 1612796881.0527108, 1612796881.3707354, 1612796881.7002053, 1612796882.0443547, 1612796882.3703988, 1612796885.97988, 1612796886.2984662, 1612796886.6163166, 1612796886.9342244, 1612796887.3248231, 1612796887.7124178, 1612796888.0982947, 1612796888.4843225, 1612796888.8754802, 1612796889.276262, 1612796893.118937, 1612796893.444838, 1612796893.7685063, 1612796894.091345, 1612796894.4471045, 1612796894.7853322, 1612796895.1059487, 1612796895.425436, 1612796895.7642446, 1612796896.0806503, 1612796899.7675328, 1612796900.1006346, 1612796900.421994, 1612796900.741656, 1612796901.0880365, 1612796901.4047823, 1612796901.7224417, 1612796902.0415053, 1612796902.359006, 1612796902.6786053, 1612796906.1580234, 1612796906.4807508, 1612796906.8041735, 1612796907.1210086, 1612796907.4391074, 1612796907.7578728, 1612796908.0801065, 1612796908.409001, 1612796908.7327933, 1612796909.0547907, 1612796913.7558699, 1612796915.2440515, 1612796916.7113333, 1612796918.1790953, 1612796919.6801202, 1612796921.1270843, 1612796922.411715, 1612796923.712511, 1612796925.1215534, 1612796926.5811548, 1612796931.305855, 1612796932.714964, 1612796934.1518521, 1612796935.6031272, 1612796937.0414293, 1612796938.4535933, 1612796939.8288412, 1612796941.1459608, 1612796942.486601, 1612796943.990636, 1612796948.728317, 1612796950.1772435, 1612796951.6390615, 1612796953.0764139, 1612796954.5261655, 1612796956.0534008, 1612796957.5175638, 1612796958.8614883, 1612796960.2113132, 1612796961.6572433, 1612796966.3360865, 1612796967.7692437, 1612796969.274782, 1612796970.7391195, 1612796972.223101, 1612796973.7667048, 1612796975.2432888, 1612796976.6267343, 1612796977.9775155, 1612796979.398207, 1612796984.1611571, 1612796985.618155, 1612796987.0775938, 1612796988.559748, 1612796990.050876, 1612796991.5085757, 1612796992.9781818, 1612796994.3258238, 1612796995.69699, 1612796997.1074238, 1612797001.792927, 1612797003.2454548, 1612797004.6971173, 1612797006.1996891, 1612797007.6545918, 1612797009.086475, 1612797010.5257938, 1612797011.867193, 1612797013.1798306, 1612797014.4979353, 1612797019.2561147, 1612797020.679669, 1612797022.0800083, 1612797023.4915102, 1612797024.9228075, 1612797026.3748717, 1612797027.7857378, 1612797029.2079873, 1612797030.5512748, 1612797031.8664892, 1612797036.682922, 1612797038.1484442, 1612797039.6171665, 1612797041.0692968, 1612797042.5141535, 1612797043.9947722, 1612797045.454776, 1612797046.8909895, 1612797048.2116787, 1612797049.5803168, 1612797054.2927127, 1612797055.7684705, 1612797057.1984673, 1612797058.6527784, 1612797060.1078277, 1612797061.5752976, 1612797063.0055304, 1612797064.4438922, 1612797065.8187153, 1612797067.1489577, 1612797071.8688083, 1612797073.3174753, 1612797074.8432822, 1612797076.361568, 1612797077.8759537, 1612797079.3690934, 1612797080.825753, 1612797082.3414865, 1612797083.7534328, 1612797085.100622, 1612797089.8777819, 1612797091.287196, 1612797092.704507, 1612797094.1264694, 1612797095.5471826, 1612797096.9852123, 1612797098.4183073, 1612797099.8704464, 1612797101.2587326, 1612797102.5122883, 1612797107.143453, 1612797108.559998, 1612797110.0280974, 1612797111.5330355, 1612797112.9981294, 1612797114.4660363, 1612797115.959069, 1612797117.4011838, 1612797118.8518484, 1612797120.1575294, 1612797124.783321, 1612797126.2103677, 1612797127.641931, 1612797129.0698812, 1612797130.5089636, 1612797131.9217434, 1612797133.315996, 1612797134.714967, 1612797136.1349804, 1612797137.5191126, 1612797142.5989146, 1612797144.0991309, 1612797145.6498187, 1612797147.1249855, 1612797148.6138928, 1612797150.1924474, 1612797151.7404668, 1612797153.209559, 1612797154.718016, 1612797156.2793052, 1612797161.0666475, 1612797162.673873, 1612797164.3044782, 1612797165.8574636, 1612797167.4400074, 1612797169.1091504, 1612797170.7096615, 1612797172.2642696, 1612797173.8685293, 1612797175.3625884, 1612797180.287915, 1612797181.8415995, 1612797183.453524, 1612797184.9532146, 1612797186.5380461, 1612797188.1330485, 1612797189.6576118, 1612797191.14861, 1612797192.6997256, 1612797194.1281645, 1612797198.6347258, 1612797200.0842574, 1612797201.5479543, 1612797203.003373, 1612797204.4852316, 1612797205.9626486, 1612797207.4154007, 1612797208.8729696, 1612797210.3301432, 1612797211.7664049, 1612797216.3391366, 1612797217.7658553, 1612797219.2057915, 1612797220.677158, 1612797222.1300514, 1612797223.5903625, 1612797225.0792608, 1612797226.5355175, 1612797227.9865959, 1612797229.4611623, 1612797234.0443017, 1612797235.507807, 1612797236.9890606, 1612797238.4079232, 1612797239.8100567, 1612797241.2652583, 1612797242.6817667, 1612797244.1220434, 1612797245.5614676, 1612797246.9888077, 1612797251.847882, 1612797253.3483226, 1612797254.7923834, 1612797256.2220333, 1612797257.6628892, 1612797259.1155224, 1612797260.578288, 1612797262.0195296, 1612797263.416367, 1612797264.8035939, 1612797269.2508485, 1612797270.5562217, 1612797271.9463239, 1612797273.3303275, 1612797274.7147677, 1612797276.1135483, 1612797277.5459585, 1612797278.9896836, 1612797280.5012605, 1612797281.950908, 1612797286.5425165, 1612797287.8698235, 1612797289.3271084, 1612797290.813093, 1612797292.3121111, 1612797293.813555, 1612797295.2907288, 1612797296.7855194, 1612797298.238361, 1612797299.6558006, 1612797304.1954124, 1612797305.5061688, 1612797306.8813512, 1612797308.3446894, 1612797309.805454, 1612797311.261921, 1612797312.6873043, 1612797314.1463606, 1612797315.6122847, 1612797317.0315344, 1612797321.583989, 1612797322.9359248, 1612797324.2791812, 1612797325.6949728, 1612797327.113728, 1612797328.5237648, 1612797329.9316819, 1612797331.3770611, 1612797332.8529696, 1612797334.250284, 1612797338.8328683, 1612797340.1053698, 1612797341.3905787, 1612797342.8223248, 1612797344.2466526, 1612797345.6793282, 1612797347.2129207, 1612797348.6731179, 1612797350.091585, 1612797351.5724885, 1612797356.3321316, 1612797357.6466465, 1612797359.005497, 1612797360.4015596, 1612797361.8622272, 1612797363.373605, 1612797364.8921742, 1612797366.4212763, 1612797367.9382408, 1612797369.3815746, 1612797374.1188781, 1612797375.4010363, 1612797376.7012153, 1612797378.0558717, 1612797379.4670966, 1612797380.897023, 1612797382.347893, 1612797383.8089826, 1612797385.227069, 1612797386.6744287, 1612797391.3791745, 1612797392.7621222, 1612797394.0736897, 1612797395.368704, 1612797396.7935178, 1612797398.2279563, 1612797399.6664054, 1612797401.0856397, 1612797402.569735, 1612797404.0418277, 1612797408.7352316, 1612797410.1470978, 1612797411.4671388, 1612797412.787408, 1612797414.1748962, 1612797415.582421, 1612797416.9892673, 1612797418.3972132, 1612797419.8250232, 1612797421.2389736, 1612797425.9521139, 1612797427.393828, 1612797428.7170784, 1612797430.0190084, 1612797431.3581417, 1612797432.8092158, 1612797434.329275, 1612797435.7882664, 1612797437.2022252, 1612797438.631158, 1612797443.328491, 