{"initial_reset_timestamp": 1612796843.5450943, "timestamps": [1612796844.3019147, 1612796844.5507755, 1612796844.7961416, 1612796845.0741622, 1612796845.3339198, 1612796845.587316, 1612796845.831945, 1612796846.093184, 1612796846.339606, 1612796846.5879476, 1612796850.7745154, 1612796851.0387573, 1612796851.2869399, 1612796851.531693, 1612796851.790643, 1612796852.0400803, 1612796852.2944872, 1612796852.5418904, 1612796852.7936213, 1612796853.0474386, 1612796857.2861302, 1612796857.544222, 1612796857.8207915, 1612796858.1154783, 1612796858.3724847, 1612796858.628384, 1612796858.8882585, 1612796859.1431758, 1612796859.401028, 1612796859.6535752, 1612796863.8797774, 1612796864.1370854, 1612796864.3969512, 1612796864.6562202, 1612796864.927971, 1612796865.1860273, 1612796865.4434514, 1612796865.6987834, 1612796865.9554117, 1612796866.1992912, 1612796870.4549327, 1612796870.698886, 1612796870.942829, 1612796871.1931062, 1612796871.4476602, 1612796871.6937947, 1612796871.9427516, 1612796872.1955204, 1612796872.4371986, 1612796872.6818595, 1612796876.9038873, 1612796877.203263, 1612796877.4561243, 1612796877.7248707, 1612796877.9991932, 1612796878.2558856, 1612796878.5109918, 1612796878.768111, 1612796879.0235796, 1612796879.2806265, 1612796883.481895, 1612796883.7423892, 1612796883.999536, 1612796884.2437332, 1612796884.5018713, 1612796884.759662, 1612796885.0433424, 1612796885.3059294, 1612796885.5653057, 1612796885.8157506, 1612796890.5968678, 1612796890.8788455, 1612796891.1310742, 1612796891.3869336, 1612796891.632555, 1612796891.9271443, 1612796892.1834178, 1612796892.4394023, 1612796892.6964295, 1612796892.9456398, 1612796897.2242415, 1612796897.499019, 1612796897.760663, 1612796898.0200915, 1612796898.2851877, 1612796898.5782323, 1612796898.8425186, 1612796899.1000636, 1612796899.3615155, 1612796899.6127632, 1612796903.7829595, 1612796904.0261247, 1612796904.2699, 1612796904.5131109, 1612796904.755812, 1612796905.0003123, 1612796905.2421997, 1612796905.4839096, 1612796905.758776, 1612796906.003267, 1612796910.1736486, 1612796910.4306114, 1612796910.7171862, 1612796910.9605532, 1612796911.2194972, 1612796911.4764144, 1612796911.7334402, 1612796911.9927008, 1612796912.2411482, 1612796912.499123, 1612796927.7351925, 1612796927.9979696, 1612796928.2553372, 1612796928.5193305, 1612796928.7836728, 1612796929.0399618, 1612796929.3011954, 1612796929.558503, 1612796929.8199615, 1612796930.0808263, 1612796945.116948, 1612796945.3812935, 1612796945.6320102, 1612796945.8904657, 1612796946.1606581, 1612796946.4093933, 1612796946.6678858, 1612796946.9189227, 1612796947.1771739, 1612796947.4679363, 1612796962.773121, 1612796963.0265508, 1612796963.2678063, 1612796963.52686, 1612796963.814727, 1612796964.0743382, 1612796964.3314357, 1612796964.589208, 1612796964.8338168, 1612796965.092476, 1612796980.554826, 1612796980.8154087, 1612796981.078702, 1612796981.3405106, 1612796981.5873873, 1612796981.8529673, 1612796982.1130652, 1612796982.376313, 1612796982.638672, 1612796982.8878398, 1612796998.212015, 1612796998.4664984, 1612796998.7276814, 1612796998.9854834, 1612796999.2448902, 1612796999.4904613, 1612796999.7493691, 1612797000.0112002, 1612797000.272845, 1612797000.5301354, 1612797015.6238298, 1612797015.8826234, 1612797016.151865, 1612797016.4271069, 1612797016.6935096, 1612797016.9529755, 1612797017.2346623, 1612797017.4892166, 1612797017.7650292, 1612797018.0174792, 1612797033.082942, 1612797033.3702161, 1612797033.6270065, 1612797033.8720477, 1612797034.1273396, 1612797034.383455, 1612797034.6386573, 1612797034.8926454, 1612797035.1520083, 1612797035.3999403, 1612797050.741342, 1612797051.0032866, 1612797051.2609913, 1612797051.5156324, 1612797051.7811737, 1612797052.0431802, 1612797052.3045695, 1612797052.559453, 1612797052.8135188, 1612797053.0748816, 1612797068.2650883, 1612797068.5191245, 1612797068.7788472, 1612797069.0445275, 1612797069.2988915, 1612797069.560481, 1612797069.8052158, 1612797070.0599008, 1612797070.3457577, 1612797070.5970423, 1612797086.228472, 1612797086.4739985, 1612797086.7410967, 1612797087.0370347, 1612797087.2912254, 1612797087.5488002, 1612797087.8142402, 1612797088.0708902, 1612797088.3339365, 1612797088.5974345, 1612797103.6533983, 1612797103.903233, 1612797104.1527061, 1612797104.403531, 1612797104.6608064, 1612797104.916425, 1612797105.1726866, 1612797105.4265409, 1612797105.665996, 1612797105.9229412, 1612797121.2705426, 1612797121.5158348, 1612797121.7635884, 1612797122.0100968, 1612797122.2557588, 1612797122.516639, 1612797122.7745278, 1612797123.0332353, 1612797123.290783, 1612797123.5450327, 1612797138.6898944, 1612797138.9566538, 1612797139.2252464, 1612797139.4925644, 1612797139.8188887, 1612797140.1274464, 1612797140.4343638, 1612797140.7362013, 1612797141.0342689, 1612797141.2963989, 1612797157.4587228, 1612797157.7239196, 1612797158.0107207, 1612797158.254464, 1612797158.4988086, 1612797158.7436345, 1612797158.9896262, 1612797159.2356377, 1612797159.4869232, 1612797159.7381155, 1612797176.545665, 1612797176.8118012, 1612797177.0735056, 1612797177.3351104, 1612797177.6063488, 1612797177.8772688, 1612797178.1423156, 1612797178.4013493, 1612797178.6663744, 1612797178.9308388, 1612797195.234507, 1612797195.4769766, 1612797195.7260396, 1612797195.973595, 1612797196.2165568, 1612797196.4581544, 1612797196.7009673, 1612797196.9430995, 1612797197.184634, 1612797197.4261546, 1612797212.8758683, 1612797213.1517742, 1612797213.4050431, 1612797213.6424375, 1612797213.914454, 1612797214.2101295, 1612797214.4570594, 1612797214.7045157, 1612797214.9410167, 1612797215.1786814, 1612797230.6197429, 1612797230.8805094, 1612797231.1254818, 1612797231.3717153, 1612797231.6200435, 1612797231.865782, 1612797232.1216114, 1612797232.3781803, 1612797232.6345065, 1612797232.8922122, 1612797248.1781304, 1612797248.4335873, 1612797248.6884809, 1612797248.9382794, 1612797249.2609375, 1612797249.5550025, 1612797249.852711, 1612797250.133, 1612797250.43027, 1612797250.7245274, 1612797265.909874, 1612797266.1642375, 1612797266.4165518, 1612797266.6688476, 1612797266.913856, 1612797267.157064, 1612797267.399761, 1612797267.6424284, 1612797267.9215517, 1612797268.1661606, 1612797283.0633936, 1612797283.3170133, 1612797283.5809126, 1612797283.8515325, 1612797284.1425223, 1612797284.4009445, 1612797284.6604254, 1612797284.910121, 1612797285.1551754, 1612797285.4022336, 1612797300.7992527, 1612797301.0556827, 1612797301.311083, 1612797301.552988, 1612797301.8094206, 1612797302.0651627, 1612797302.3214126, 1612797302.5768764, 1612797302.8343205, 1612797303.0821395, 1612797318.175745, 1612797318.4316208, 1612797318.6893592, 1612797318.9456549, 1612797319.1960855, 1612797319.453734, 1612797319.709163, 1612797319.9651058, 1612797320.218497, 1612797320.473731, 1612797335.3713226, 1612797335.6149151, 1612797335.8730683, 1612797336.1288354, 1612797336.3844557, 1612797336.6433866, 1612797336.886355, 1612797337.1468103, 1612797337.4011052, 1612797337.656846, 1612797352.7424128, 1612797353.003112, 1612797353.2585213, 1612797353.520722, 1612797353.779693, 1612797354.03421, 1612797354.2927408, 1612797354.5430236, 1612797354.808284, 1612797355.1030545, 1612797370.5085113, 1612797370.7654378, 1612797371.0225062, 1612797371.2776306, 1612797371.534623, 1612797371.8298318, 1612797372.0859115, 1612797372.3469965, 1612797372.6064105, 1612797372.8657336, 1612797387.808118, 1612797388.0648983, 1612797388.3546855, 1612797388.6105986, 1612797388.8676429, 1612797389.1187973, 1612797389.3766718, 1612797389.6333957, 1612797389.8909507, 1612797390.1498325, 1612797405.1928627, 1612797405.448517, 1612797405.689551, 1612797405.951201, 1612797406.2076402, 1612797406.463609, 1612797406.7211905, 1612797406.9793916, 1612797407.2353172, 1612797407.494113, 1612797422.4045138, 1612797422.6608572, 1612797422.9168735, 1612797423.1741555, 1612797423.4322731, 1612797423.6776989, 1612797423.9382672, 1612797424.1929276, 1612797424.4530923, 1612797424.7097778, 1612797439.761454, 