{"initial_reset_timestamp": 1612873754.2532942, "timestamps": [1612873757.4707096, 1612873757.591643, 1612873757.9653306, 1612873758.3297012, 1612873758.681619, 1612873759.0287118, 1612873759.3888786, 1612873761.8242981, 1612873762.1759014, 1612873762.5143535, 1612873762.8487916, 1612873763.1590612, 1612873763.490258, 1612873765.978025, 1612873767.68392, 1612873769.4124143, 1612873771.147911, 1612873772.841556, 1612873774.5472248, 1612873776.1369653, 1612873779.7358363, 1612873781.4714699, 1612873783.1860318, 1612873784.889867, 1612873786.6345196, 1612873788.424459, 1612873790.0699472, 1612873793.733252, 1612873795.4323666, 1612873797.1191406, 1612873798.823183, 1612873800.5561612, 1612873802.3609755, 1612873803.1839795, 1612873806.357207, 1612873806.9881606, 1612873808.6561525, 1612873810.3647296, 1612873812.0576296, 1612873813.7480788, 1612873815.463636, 1612873816.9763017, 1612873820.7476077, 1612873822.4566152, 1612873824.2054741, 1612873825.9747977, 1612873827.701478, 1612873829.3951135, 1612873833.0669742, 1612873834.931449, 1612873836.7679586, 1612873838.5405445, 1612873840.24583, 1612873842.1039214, 1612873843.8048067, 1612873847.624854, 1612873849.369428, 1612873851.0497038, 1612873852.7527902, 1612873854.4724119, 1612873856.1742663, 1612873857.679463, 1612873861.4781728, 1612873863.1863954, 1612873864.9243848, 1612873866.6488564, 1612873867.9292293, 1612873869.481833, 1612873871.0018501, 1612873874.837868, 1612873876.5222194, 1612873878.2468657, 1612873879.9638047, 1612873881.6966562, 1612873883.3209739, 1612873886.9841583, 1612873888.7629623, 1612873890.4670284, 1612873891.934273, 1612873893.6543214, 1612873895.3794103, 1612873896.9721704, 1612873900.6604214, 1612873902.3627093, 1612873904.0584302, 1612873905.7868416, 1612873907.4836109, 1612873909.1750758, 1612873910.6634996, 1612873914.3769841, 1612873915.766382, 1612873917.500681, 1612873919.1866968, 1612873920.8606122, 1612873922.5842028, 1612873924.1147134, 1612873927.7893145, 1612873929.529248, 1612873931.2553773, 1612873932.9852521, 1612873934.7234032, 1612873936.460984, 1612873940.331188, 1612873942.1062107, 1612873943.8242185, 1612873945.4818127, 1612873946.9632397, 1612873948.6915863, 1612873950.388609, 1612873954.1793137, 1612873955.8760908, 1612873957.639249, 1612873959.4305186, 1612873961.199608, 1612873963.0019748, 1612873964.776786, 1612873968.5711167, 1612873970.256458, 1612873971.9588408, 1612873973.6543758, 1612873975.3323593, 1612873976.9953902, 1612873978.6933124, 1612873982.393549, 1612873984.1016486, 1612873985.777689, 1612873987.4876819, 1612873989.1642323, 1612873990.832181, 1612873994.5199637, 1612873996.181149, 1612873997.9165597, 1612873999.6490035, 1612874001.3605077, 1612874003.1704693, 1612874004.962734, 1612874008.7567284, 1612874010.2353218, 1612874011.7758002, 1612874013.450325, 1612874015.1644008, 1612874016.8405156, 1612874018.5077465, 1612874022.7595713, 1612874024.3549986, 1612874025.919793, 1612874027.6133504, 1612874029.3990724, 1612874031.124738, 1612874035.5301466, 1612874037.3332589, 1612874038.9453673, 1612874040.4365697, 1612874041.936687, 1612874043.5010712, 1612874045.2194555, 1612874050.6731224, 1612874052.3741019, 1612874054.1050258, 1612874055.5816822, 1612874057.0910945, 1612874058.6335647, 1612874060.387501, 1612874065.4571168, 1612874067.1977625, 1612874068.9713721, 1612874070.6122532, 1612874072.1061301, 1612874073.828576, 1612874079.3282514, 1612874081.1277866, 1612874082.874161, 1612874084.565005, 1612874086.0938182, 1612874087.638273, 1612874089.1912725, 1612874094.0341346, 1612874095.7228103, 1612874097.5006955, 1612874099.1952503, 1612874100.7757761, 1612874102.254543, 1612874103.739003, 1612874108.981659, 1612874110.790019, 1612874112.5185614, 1612874114.2715485, 1612874115.8378468, 1612874117.30703, 1612874122.5429118, 1612874124.2691321, 1612874125.9537501, 1612874127.6279204, 1612874129.3718, 1612874130.9358017, 1612874132.3885977, 1612874137.8840482, 1612874139.7215056, 1612874141.5830338, 1612874143.342449, 1612874145.097335, 1612874146.7427285, 1612874148.2357497, 1612874153.9152453, 1612874155.7631893, 1612874157.5009894, 1612874159.27832, 1612874161.0989978, 1612874162.7165518, 1612874167.9738274, 1612874169.7721395, 1612874171.6758995, 1612874173.4412339, 1612874175.3448796, 1612874177.2186224, 1612874178.9440708, 1612874183.9461896, 1612874185.6347563, 1612874187.3916214, 1612874189.1092203, 1612874190.8391228, 1612874192.5888457, 1612874194.3578773, 1612874199.5775518, 1612874201.3629782, 1612874203.1911926, 1612874204.9764931, 1612874206.765291, 1612874208.5102353, 1612874213.7543144, 1612874215.3302572, 1612874217.1380985, 1612874218.8923535, 1612874220.6460829, 1612874222.4186237, 1612874224.1445346, 1612874229.0197213, 1612874230.6313338, 1612874232.2369936, 1612874234.0072417, 1612874235.8172483, 1612874237.5903797, 1612874239.4480507, 1612874244.1272585, 1612874245.775476, 1612874247.3616974, 1612874249.1145263, 1612874250.9264283, 1612874252.805367, 1612874257.395925, 1612874259.1612556, 1612874260.6560369, 1612874262.1821146, 1612874263.6565259, 1612874265.2921972, 1612874267.0401473, 1612874271.7404335, 1612874273.4777985, 1612874275.2238388, 1612874276.776404, 1612874278.287286, 1612874279.79094, 1612874281.5363014, 1612874286.9385717, 1612874288.7080727, 1612874290.4360037, 1612874292.0091486, 1612874293.508875, 1612874294.9969788, 1612874300.0114644, 1612874301.746976, 1612874303.5072632, 1612874305.2870402, 1612874307.0660248, 1612874308.6549947, 1612874310.1880019, 1612874315.552694, 1612874317.3254116, 1612874319.1129186, 1612874320.8885932, 1612874322.7420104, 1612874324.397406, 1612874325.9208891, 1612874331.3616927, 1612874333.057599, 1612874334.866103, 1612874336.620733, 1612874338.4440017, 1612874340.2961137, 1612874345.5366068, 1612874347.3950725, 1612874349.2102118, 1612874351.0251458, 1612874352.771539, 1612874354.500312, 1612874356.2018237, 1612874361.1655967, 1612874362.8362217, 1612874364.6237278, 1612874366.4533513, 1612874368.2385466, 1612874370.0745776, 1612874371.9531066, 1612874377.234352, 1612874378.6885364, 1612874380.5261946, 1612874382.3778365, 1612874384.1627157, 1612874385.931062, 1612874391.3574054, 1612874392.9258287, 1612874394.4995418, 1612874396.1299105, 1612874397.9287257, 1612874399.7628973, 1612874401.5731232, 1612874406.9293296, 1612874408.43805, 1612874410.0607643, 1612874411.7691762, 1612874413.479646, 1612874415.1762629, 1612874416.9009964, 1612874422.101961, 1612874423.5932965, 1612874425.063915, 1612874426.8252213, 1612874428.599442, 1612874430.3079429, 1612874435.5002527, 1612874437.2158542, 1612874438.7066715, 1612874440.2172937, 1612874441.8497028, 1612874443.6422985, 1612874445.5829954],