{"initial_reset_timestamp": 1612872268.4420354, "timestamps": [1612872272.1577914, 1612872272.456706, 1612872272.8995202, 1612872273.3130722, 1612872273.6661856, 1612872274.101982, 1612872276.9869645, 1612872277.4661953, 1612872277.919921, 1612872278.361039, 1612872278.7484572, 1612872279.1367986, 1612872279.525579, 1612872283.340929, 1612872285.5252569, 1612872287.926472, 1612872290.3499994, 1612872292.7748435, 1612872294.9833806, 1612872297.2656205, 1612872301.9085736, 1612872304.2235234, 1612872306.6326973, 1612872309.0299735, 1612872311.4322128, 1612872313.7929113, 1612872318.8126192, 1612872321.030496, 1612872323.3184395, 1612872325.6484048, 1612872328.0491302, 1612872330.5122285, 1612872332.8351824, 1612872337.5613856, 1612872339.925305, 1612872342.3290854, 1612872344.731594, 1612872347.053138, 1612872349.3253918, 1612872351.4220126, 1612872356.3155022, 1612872358.6400938, 1612872360.9703696, 1612872363.2622626, 1612872365.5722945, 1612872367.7989566, 1612872372.5767293, 1612872374.7740848, 1612872377.055552, 1612872379.4474425, 1612872381.8116422, 1612872384.1725404, 1612872386.3625922, 1612872391.2530165, 1612872393.4219651, 1612872395.8557239, 1612872398.237334, 1612872400.6224468, 1612872403.018782, 1612872405.2459188, 1612872410.4128015, 1612872412.6819742, 1612872415.0796864, 1612872417.4907482, 1612872419.8679743, 1612872422.1956677, 1612872426.9290967, 1612872429.002599, 1612872431.2035475, 1612872433.6089687, 1612872436.024942, 1612872438.357712, 1612872440.6590083, 1612872445.3275561, 1612872447.575103, 1612872449.947691, 1612872452.362416, 1612872454.7500446, 1612872457.1136236, 1612872459.4611213, 1612872464.2990043, 1612872466.5876527, 1612872468.9729145, 1612872471.3308585, 1612872473.7317853, 1612872476.1883152, 1612872481.2717178, 1612872483.5913508, 1612872486.0614154, 1612872488.4693792, 1612872490.818204, 1612872493.240787, 1612872495.5463586, 1612872500.4236596, 1612872502.6834686, 1612872505.0616038, 1612872507.4136019, 1612872509.7686296, 1612872512.1477625, 1612872514.342121, 1612872518.782346, 1612872520.1946, 1612872522.5780475, 1612872524.933978, 1612872527.402125, 1612872529.7771485, 1612872532.101108, 1612872537.2448466, 1612872539.5675368, 1612872541.9650245, 1612872544.3584545, 1612872546.7278273, 1612872549.10096, 1612872553.929779, 1612872556.2736907, 1612872558.6931112, 1612872561.027023, 1612872563.3623822, 1612872565.6950479, 1612872568.166951, 1612872572.9384081, 1612872575.2603028, 1612872577.6150951, 1612872580.0191147, 1612872582.4405932, 1612872584.8370874, 1612872587.2954462, 1612872592.146844, 1612872594.3784623, 1612872596.7539997, 1612872599.0671372, 1612872601.4625347, 1612872603.8448482, 1612872608.8524094, 1612872610.9173324, 1612872613.2839248, 1612872615.6556158, 1612872617.9838605, 1612872620.2842515, 1612872622.623071, 1612872627.5664563, 1612872629.7497294, 1612872632.1214383, 1612872634.4804165, 1612872636.7426035, 1612872639.0595777, 1612872641.4784663, 1612872646.638075, 1612872648.912482, 1612872651.1944244, 1612872653.52349, 1612872655.866235, 1612872658.2578037, 1612872663.2526846, 1612872665.5667546, 1612872667.9039805, 1612872670.3871596, 1612872672.7033994, 1612872675.1190195, 1612872677.4668658, 1612872682.4210732, 1612872684.7241697, 1612872687.1526093, 1612872689.5878832, 1612872691.944648, 1612872694.312474, 1612872696.6111155, 1612872701.4073422, 1612872703.7200727, 1612872705.9591293, 1612872708.3213222, 1612872710.678029, 1612872713.0356903, 1612872717.8675897, 1612872720.2056596, 1612872722.448526, 1612872724.7624774, 1612872727.108664, 1612872729.5102758, 1612872731.898481, 1612872736.6826003, 1612872739.016012, 1612872741.432709, 1612872743.8101645, 1612872746.1820774, 1612872748.621769, 1612872751.0024257, 1612872755.7770472, 1612872758.0973651, 1612872760.3116474, 1612872762.6659727, 1612872765.0783844, 1612872767.4335406, 1612872772.47561, 1612872774.7837353, 1612872777.191447, 1612872779.4006689, 1612872781.6339407, 1612872784.0431142, 1612872786.4256947, 1612872791.6472065, 1612872794.0579934, 1612872796.3353827, 1612872798.6148856, 1612872800.9103608, 1612872803.3382115, 1612872805.7481005, 1612872810.9190953, 1612872813.315116, 1612872815.6752312, 1612872818.0317113, 1612872820.2273831, 1612872822.544468, 1612872827.5608582, 1612872830.00185, 1612872832.366275, 1612872834.6944103, 1612872837.0912158, 1612872839.3273647, 1612872841.581394, 1612872846.4065335, 1612872848.7415242, 1612872851.1860523, 1612872853.597954, 1612872855.9832003, 1612872858.2613769, 1612872860.483313, 1612872865.8461936, 1612872868.2029598, 1612872870.6236413, 1612872872.9389915, 1612872875.3494163, 1612872877.7351122, 1612872882.7553043, 1612872885.1148698, 1612872887.5412695, 1612872889.9619598, 1612872892.4104524, 1612872894.8158894, 1612872897.3151524, 1612872902.6705866, 1612872904.9895566, 1612872907.4044476, 1612872909.7431788, 1612872912.1219046, 1612872914.5016444, 1612872916.7244046, 1612872921.3830998, 1612872923.5898502, 1612872925.9443913, 1612872928.327369, 1612872930.7702572, 1612872933.1577458, 1612872938.3938644, 1612872940.715338, 1612872942.934279, 1612872945.2433217, 1612872947.6021106, 1612872949.9925113, 1612872952.3851244, 1612872956.953362, 1612872959.373854, 1612872961.4853687, 1612872963.617062, 1612872965.9127498, 1612872968.3399196, 1612872970.7582655, 1612872975.9591486, 1612872978.2160873, 1612872980.5891263, 1612872982.7433774, 1612872984.9068234, 1612872987.3196282, 1612872992.6436741, 1612872994.9047458, 1612872997.2940218, 1612872999.7191834, 1612873002.080354, 1612873004.3956563, 1612873006.8202221, 1612873011.6500163, 1612873013.8267992, 1612873016.2274923, 1612873018.612669, 1612873020.9677842, 1612873023.3458123, 1612873025.8773673, 1612873030.789184, 1612873032.9120991, 1612873035.2783585, 1612873037.7410612, 1612873040.1800554, 1612873042.4215207, 1612873047.4880123, 1612873049.7344701, 1612873052.0049965, 1612873054.385589, 1612873056.7947607, 1612873059.129855, 1612873061.3326433, 1612873066.5230021, 1612873068.8178146, 1612873071.0607176, 1612873073.445737, 1612873075.8297825, 1612873078.2002287, 1612873080.620089, 1612873085.0840013, 1612873087.250664, 1612873089.605465, 1612873091.9958017, 1612873094.3104134, 1612873096.6564643, 1612873101.722188, 1612873103.8641422, 1612873106.0669992, 1612873108.4243634, 1612873110.969357, 1612873113.436022, 1612873115.7882292, 1612873120.763325, 1612873122.981952, 1612873125.291486, 1612873127.5864642, 1612873129.8553019, 1612873132.1920443, 1612873134.5869536, 1612873139.764454, 1612873142.1967473, 1612873144.5022776, 1612873146.687687, 1612873149.0588663, 1612873151.4635737],