{"initial_reset_timestamp": 1612872269.9371963, "timestamps": [1612872270.701448, 1612872270.9331353, 1612872271.1590662, 1612872271.3820126, 1612872271.624553, 1612872271.8311837, 1612872272.092295, 1612872275.4842343, 1612872275.6904037, 1612872275.9416842, 1612872276.1766393, 1612872276.4296184, 1612872276.6830628, 1612872276.9435892, 1612872280.9889278, 1612872281.2402143, 1612872281.5051875, 1612872281.7583578, 1612872282.0087469, 1612872282.260815, 1612872282.5051398, 1612872298.8009849, 1612872299.0386767, 1612872299.2564576, 1612872299.4777665, 1612872299.6952126, 1612872299.9485772, 1612872300.2406318, 1612872316.9553564, 1612872317.2236102, 1612872317.484002, 1612872317.7522006, 1612872318.0477233, 1612872318.32185, 1612872318.5907407, 1612872335.1847346, 1612872335.4364047, 1612872335.672186, 1612872335.9182734, 1612872336.161823, 1612872336.3969855, 1612872336.6336675, 1612872353.0957792, 1612872353.4204435, 1612872353.677186, 1612872353.9142911, 1612872354.1586761, 1612872354.4124722, 1612872354.6532326, 1612872370.7296877, 1612872371.004051, 1612872371.2595427, 1612872371.5356731, 1612872371.814994, 1612872372.0965161, 1612872372.3709419, 1612872388.775621, 1612872389.0668876, 1612872389.340271, 1612872389.581675, 1612872389.8151975, 1612872390.064939, 1612872390.3147025, 1612872406.850019, 1612872407.1555612, 1612872407.3500733, 1612872407.484835, 1612872407.7068834, 1612872407.9078598, 1612872408.1334472, 1612872408.3154092, 1612872408.4755015, 1612872408.728163, 1612872425.1694613, 1612872425.439555, 1612872425.7096667, 1612872425.9465885, 1612872426.1896634, 1612872426.4206505, 1612872426.7082872, 1612872442.9848065, 1612872443.2417467, 1612872443.4834638, 1612872443.758983, 1612872443.980836, 1612872444.2133477, 1612872444.4700181, 1612872461.2283683, 1612872461.4763172, 1612872461.7093773, 1612872461.9626205, 1612872462.214229, 1612872462.464446, 1612872462.7136366, 1612872479.381361, 1612872479.656443, 1612872479.9626544, 1612872480.237425, 1612872480.50613, 1612872480.7850657, 1612872481.0556853, 1612872497.965075, 1612872498.2076273, 1612872498.5102785, 1612872498.7656426, 1612872499.0267384, 1612872499.2645414, 1612872499.5062342, 1612872515.9163318, 1612872516.2190065, 1612872516.448835, 1612872516.683017, 1612872516.915044, 1612872517.130961, 1612872517.3586018, 1612872533.9874434, 1612872534.2601144, 1612872534.5330563, 1612872534.8038878, 1612872535.0400178, 1612872535.2833836, 1612872535.5680954, 1612872552.2240973, 1612872552.47558, 1612872552.753015, 1612872553.0310621, 1612872553.3147619, 1612872553.5799751, 1612872553.8448462, 1612872570.6519578, 1612872570.9044473, 1612872571.1392255, 1612872571.3700092, 1612872571.5930545, 1612872571.8717868, 1612872572.1674225, 1612872589.1614046, 1612872589.4060152, 1612872589.6733348, 1612872589.916658, 1612872590.2003584, 1612872590.4805264, 1612872590.7512581, 1612872607.1720226, 1612872607.4503171, 1612872607.6906092, 1612872607.9500651, 1612872608.2085218, 1612872608.4962022, 1612872608.7730577, 1612872625.279614, 1612872625.5253677, 1612872625.78082, 1612872626.0229864, 1612872626.2662613, 1612872626.5041199, 1612872626.7868614, 1612872643.442564, 1612872643.7671976, 1612872644.060641, 1612872644.306287, 1612872644.5840673, 1612872644.8470654, 1612872645.145904, 1612872661.648425, 1612872661.9043586, 1612872662.1565945, 1612872662.4028766, 1612872662.6523385, 1612872662.8902335, 1612872663.1537912, 1612872679.9467902, 1612872680.1890638, 1612872680.4776337, 1612872680.7344089, 1612872681.0375407, 1612872681.3293335, 1612872681.610601, 1612872698.3991313, 1612872698.634576, 1612872698.872396, 1612872699.1171954, 1612872699.354461, 1612872699.599478, 1612872699.849334, 1612872716.2466898, 1612872716.5001903, 1612872716.7564158, 1612872716.9904718, 1612872717.2521653, 1612872717.5273998, 1612872717.7644148, 1612872734.3490467, 1612872734.6284535, 1612872734.9011195, 1612872735.142811, 1612872735.3918843, 1612872735.6126955, 1612872735.8916492, 1612872752.7716124, 1612872752.9874713, 1612872753.2148983, 1612872753.425346, 1612872753.700283, 1612872753.9416955, 1612872754.1776276, 1612872770.7113252, 1612872770.9456778, 1612872771.1758797, 1612872771.4146378, 1612872771.6665134, 1612872771.887223, 1612872772.123045, 1612872772.3768914, 1612872789.2296867, 1612872789.4915493, 1612872789.752001, 1612872790.0164998, 1612872790.2841504, 1612872790.5259745, 1612872790.80945, 1612872807.8080726, 1612872808.0300272, 1612872808.2598422, 1612872808.4907198, 1612872808.8007553, 1612872809.091224, 1612872809.3328302, 1612872825.8669071, 1612872826.1224828, 1612872826.3746262, 1612872826.6401129, 1612872826.9124012, 1612872827.186121, 1612872827.455094, 1612872844.0629747, 1612872844.2931545, 1612872844.5380175, 1612872844.7864418, 1612872845.0324974, 1612872845.2591498, 1612872845.545432, 1612872862.469822, 1612872862.7277417, 1612872862.9984138, 1612872863.292045, 1612872863.5816, 1612872863.858974, 1612872864.121773, 1612872880.9956849, 1612872881.2453823, 1612872881.502905, 1612872881.7648432, 1612872882.0251126, 1612872882.3185234, 1612872882.6278462, 1612872900.1735072, 1612872900.4626834, 1612872900.709542, 1612872900.973383, 1612872901.2496705, 1612872901.5136566, 1612872901.7906404, 1612872918.3395934, 1612872918.6100473, 1612872918.8829618, 1612872919.1532845, 1612872919.4085808, 1612872919.673037, 1612872919.9362478, 1612872936.4203799, 1612872936.6843882, 1612872936.9336796, 1612872937.1601598, 1612872937.4283051, 1612872937.6801438, 1612872937.9778779, 1612872938.2798743, 1612872954.725394, 1612872954.9446273, 1612872955.1660092, 1612872955.4068654, 1612872955.6370027, 1612872955.8476942, 1612872956.0884614, 1612872972.6771245, 1612872972.985194, 1612872973.1714554, 1612872973.479677, 1612872973.7242978, 1612872973.964815, 1612872974.205828, 1612872974.4779625, 1612872990.745404, 1612872991.0010262, 1612872991.2196882, 1612872991.4834812, 1612872991.7448063, 1612872992.0071425, 1612872992.2917445, 1612872992.53223, 1612873009.5292768, 1612873009.7642348, 1612873009.9945872, 1612873010.2265441, 1612873010.455319, 1612873010.6755164, 1612873010.9120014, 1612873027.5998569, 1612873027.835745, 1612873028.043052, 1612873028.2654247, 1612873028.5373724, 1612873028.7883933, 1612873029.0259185, 1612873029.2615974, 1612873045.8938665, 1612873046.1676273, 1612873046.434247, 1612873046.6911411, 1612873046.9224002, 1612873047.1527982, 1612873047.3823025, 1612873064.0750709, 1612873064.3611593, 1612873064.6399598, 1612873064.9033954, 1612873065.1469586, 1612873065.4193203, 1612873065.695549, 1612873082.2387671, 1612873082.4462423, 1612873082.648281, 1612873082.8996987, 1612873083.1600668, 1612873083.412936, 1612873083.6657236, 1612873100.09637, 1612873100.3643198, 1612873100.59989, 1612873100.8269157, 1612873101.0853798, 1612873101.353725, 1612873101.609807, 1612873118.4504654, 1612873118.706736, 1612873118.9398177, 1612873119.205446, 1612873119.4264855, 1612873119.6954217, 1612873119.9209833, 1612873136.5513484, 1612873136.83038, 1612873137.1274502, 1612873137.420504, 1612873137.7079413, 1612873137.9625494, 1612873138.250775],