{"initial_reset_timestamp": 1612799413.3705785, "timestamps": [1612799413.9872243, 1612799414.1705523, 1612799414.354131, 1612799414.5443735, 1612799414.7344804, 1612799414.9213035, 1612799415.1060717, 1612799417.9324176, 1612799418.1170254, 1612799418.304189, 1612799418.4928832, 1612799418.680813, 1612799418.8850882, 1612799419.0856347, 1612799422.1907976, 1612799422.3924973, 1612799422.575147, 1612799422.8048744, 1612799423.0046935, 1612799423.2045946, 1612799423.403491, 1612799436.0878284, 1612799436.2845275, 1612799436.4820068, 1612799436.6755402, 1612799436.868177, 1612799437.1026046, 1612799437.3339307, 1612799449.3064032, 1612799449.5148551, 1612799449.723188, 1612799449.929852, 1612799450.1367183, 1612799450.3424184, 1612799450.5453863, 1612799462.7209494, 1612799462.9170847, 1612799463.1265843, 1612799463.3378072, 1612799463.5466628, 1612799463.7599537, 1612799463.9691246, 1612799476.0077665, 1612799476.2207022, 1612799476.4333122, 1612799476.63456, 1612799476.8443868, 1612799477.054927, 1612799477.2655208, 1612799489.1925898, 1612799489.4053643, 1612799489.6192622, 1612799489.8343005, 1612799490.0486827, 1612799490.2618887, 1612799490.4682813, 1612799502.5336607, 1612799502.7480292, 1612799502.9600697, 1612799503.1719074, 1612799503.3825486, 1612799503.5952544, 1612799503.808352, 1612799515.9020183, 1612799516.1141233, 1612799516.3260834, 1612799516.5413084, 1612799516.7576256, 1612799516.969988, 1612799517.1870914, 1612799529.1397038, 1612799529.348338, 1612799529.5590956, 1612799529.7674148, 1612799529.9781497, 1612799530.1883402, 1612799530.3989942, 1612799542.5141606, 1612799542.7339838, 1612799542.950705, 1612799543.1694505, 1612799543.3927135, 1612799543.6064382, 1612799543.822454, 1612799556.2818434, 1612799556.5078132, 1612799556.7313433, 1612799556.9714067, 1612799557.1899912, 1612799557.4045775, 1612799557.6183457, 1612799569.9113755, 1612799570.1293852, 1612799570.3558288, 1612799570.573156, 1612799570.7879934, 1612799571.000459, 1612799571.2186959, 1612799583.7063253, 1612799583.918356, 1612799584.134312, 1612799584.3458116, 1612799584.555276, 1612799584.7969742, 1612799585.0108893, 1612799597.232566, 1612799597.4409041, 1612799597.6507266, 1612799597.8626726, 1612799598.0721858, 1612799598.2804165, 1612799598.516869, 1612799610.472358, 1612799610.686295, 1612799610.898893, 1612799611.1085477, 1612799611.3215926, 1612799611.5309384, 1612799611.7399342, 1612799624.2322485, 1612799624.470277, 1612799624.6815147, 1612799624.8928585, 1612799625.1012533, 1612799625.3088167, 1612799625.5191321, 1612799638.3172011, 1612799638.5294106, 1612799638.7377634, 1612799638.9432993, 1612799639.1569648, 1612799639.369255, 1612799639.573025, 1612799652.3565478, 1612799652.5669324, 1612799652.7635655, 1612799652.974316, 1612799653.1863596, 1612799653.3966756, 1612799653.6076362, 1612799666.234921, 1612799666.4346085, 1612799666.6861377, 1612799666.9330783, 1612799667.1470363, 1612799667.3657415, 1612799667.5786185, 1612799680.0874953, 1612799680.2999387, 1612799680.5325336, 1612799680.7642977, 1612799680.986985, 1612799681.1979606, 1612799681.4139838, 1612799693.8137574, 1612799694.0093262, 1612799694.220966, 1612799694.432071, 1612799694.6464593, 1612799694.8590083, 1612799695.0719564, 1612799707.6283417, 1612799707.843267, 1612799708.0580103, 1612799708.2796755, 1612799708.4837592, 1612799708.6931648, 1612799708.9070008, 1612799721.2843988, 1612799721.4993274, 1612799721.713658, 1612799721.9309747, 1612799722.1429114, 1612799722.3580966, 1612799722.5718327, 1612799735.0552611, 1612799735.2655582, 1612799735.5683181, 1612799735.8211715, 1612799736.0435843, 1612799736.2543128, 1612799736.466296, 1612799749.4533985, 1612799749.6777267, 1612799749.8969865, 1612799750.10773, 1612799750.3085344, 1612799750.5158567, 1612799750.753783, 1612799763.7948956, 1612799764.0169926, 1612799764.2452357, 1612799764.456054, 1612799764.6715734, 1612799764.8906007, 1612799765.0944026, 1612799777.8765724, 1612799778.0992494, 1612799778.3020341, 1612799778.5223835, 1612799778.7455428, 1612799778.9549267, 1612799779.2026277, 1612799792.0653675, 1612799792.2874136, 1612799792.5195487, 1612799792.7592432, 1612799792.979652, 1612799793.1886494, 1612799793.399078, 1612799806.2793841, 1612799806.4398384, 1612799806.6352253, 1612799806.8322966, 1612799807.090954, 1612799807.2994678, 1612799807.4919748, 1612799807.7156212, 1612799807.931999, 1612799820.6724613, 1612799820.8201087, 1612799820.9718773, 1612799821.1713681, 1612799821.3001447, 1612799821.4393094, 1612799821.6565566, 1612799821.803265, 1612799821.977031, 1612799822.1025393, 1612799822.2301576, 1612799822.3965929, 1612799822.5296419, 1612799835.4562192, 1612799835.589797, 1612799835.7397509, 1612799835.8939517, 1612799836.0783625, 1612799836.2432885, 1612799836.374945, 1612799836.548286, 1612799836.671344, 1612799836.7942877, 1612799836.9148073, 1612799837.0711255, 1612799837.2627585, 1612799837.4078364, 1612799837.5959272, 1612799850.5916321, 1612799850.7251394, 1612799850.9050956, 1612799851.1284444, 1612799851.3513908, 1612799851.5859053, 1612799851.79447, 1612799851.914204, 1612799852.069865, 1612799852.18354, 1612799864.877295, 1612799865.0190802, 1612799865.2590644, 1612799865.39868, 1612799865.5543664, 1612799865.7334123, 1612799865.8710806, 1612799866.0364287, 1612799866.2204893, 1612799866.3468785, 1612799866.5627024, 1612799866.7795138, 1612799866.9623182, 1612799879.4041219, 1612799879.5375032, 1612799879.6796596, 1612799879.8173227, 1612799879.9730177, 1612799880.0813348, 1612799880.204781, 1612799880.3196254, 1612799880.4723656, 1612799880.5829995, 1612799880.7243645, 1612799880.8674576, 1612799880.9813762, 1612799881.1511605, 1612799881.3078206, 1612799881.456674, 1612799881.6034505, 1612799881.7165334, 1612799881.8622658, 1612799894.0744216, 1612799894.196248, 1612799894.3652496, 1612799894.4717932, 1612799894.6197562, 1612799894.804155, 1612799894.9479, 1612799895.0906382, 1612799895.2060041, 1612799895.3489833, 1612799895.4605703, 1612799895.6279733, 1612799895.8124363, 1612799895.9226615, 1612799896.027353, 1612799896.135185, 1612799896.2663589, 1612799896.4021065, 1612799908.366465, 1612799908.4745533, 1612799908.5837262, 1612799908.7495818, 1612799908.878095, 1612799908.998588, 1612799909.1371646, 1612799909.28249, 1612799909.407857, 1612799909.5339978, 1612799909.646183, 1612799909.7933247, 1612799909.9631472, 1612799910.095794, 1612799910.2162805, 1612799910.3400874, 1612799910.5419445, 1612799910.668837, 1612799910.7876625, 1612799923.80828, 1612799924.0048318, 1612799924.205992, 1612799924.3381863, 1612799924.4527173, 1612799924.588233, 1612799924.7266147, 1612799924.8806598, 1612799925.0451012, 1612799925.1800869, 1612799925.3075056, 1612799925.512933, 1612799925.6401067, 1612799925.7720025, 1612799925.9722195, 1612799938.4640062, 1612799938.6093302, 1612799938.7492185, 1612799938.869217, 1612799939.0314968, 1612799939.194871, 1612799939.337069, 1612799939.4927132, 1612799939.636444, 1612799939.759256, 1612799939.9721634, 1612799940.0972795, 1612799940.2347343, 1612799940.3820982, 1612799940.5165656, 1612799940.6464052, 1612799940.7948127, 1612799953.612188, 1612799953.7459118, 1612799953.878198, 1612799954.0647228, 1612799954.188142, 1612799954.318259, 1612799954.435357, 1612799954.561276, 1612799954.6730092, 1612799954.7957397, 1612799954.9318292, 1612799955.079778, 1612799955.215856, 1612799955.345782, 1612799955.4944704, 1612799955.612103, 1612799955.7206562, 1612799955.8563473, 1612799968.7007596, 1612799968.8165693, 1612799969.015647, 1612799969.245948, 1612799969.4239717, 1612799969.577898, 1612799969.6994507, 1612799969.8188488, 1612799969.9486809, 1612799970.153601, 1612799970.3553264, 1612799970.5512714, 1612799983.7609751, 1612799983.9174328, 1612799984.1272185, 1612799984.24726, 1612799984.4927042, 1612799984.7004483, 1612799984.942065, 1612799985.1988816, 1612799985.4574308, 1612799998.0187762, 1612799998.2191293, 1612799998.411013, 1612799998.5283577, 1612799998.7311718, 