{"initial_reset_timestamp": 1612799412.0810256, "timestamps": [1612799415.1610413, 1612799415.4027662, 1612799415.7737703, 1612799416.1162305, 1612799416.4587693, 1612799416.7928596, 1612799419.1627047, 1612799419.493286, 1612799419.8224473, 1612799420.1503873, 1612799420.480546, 1612799420.808522, 1612799421.137906, 1612799424.4840946, 1612799426.2500596, 1612799428.050551, 1612799429.9164975, 1612799431.6062877, 1612799433.208564, 1612799435.069605, 1612799438.985443, 1612799440.6911461, 1612799442.4216776, 1612799444.1298018, 1612799445.7198606, 1612799447.2575688, 1612799451.0603118, 1612799452.7498045, 1612799454.4968123, 1612799456.2545009, 1612799457.9789891, 1612799459.5066628, 1612799461.1691365, 1612799465.0088847, 1612799466.696251, 1612799468.419892, 1612799470.1404057, 1612799471.7384624, 1612799473.3273509, 1612799475.0031257, 1612799478.8721385, 1612799480.5582707, 1612799482.251915, 1612799483.9340634, 1612799485.491532, 1612799487.083491, 1612799490.9925213, 1612799492.6832128, 1612799494.398479, 1612799496.0991714, 1612799497.8036942, 1612799499.312291, 1612799500.9803452, 1612799504.86757, 1612799506.5899866, 1612799508.32824, 1612799510.0515969, 1612799511.643296, 1612799513.1919312, 1612799514.9081414, 1612799518.7952769, 1612799520.5142329, 1612799522.201073, 1612799523.9075527, 1612799525.4177964, 1612799527.0513308, 1612799530.9365077, 1612799532.659476, 1612799534.3711047, 1612799536.0865743, 1612799537.7027786, 1612799539.2524142, 1612799540.9841568, 1612799544.95062, 1612799546.747902, 1612799548.5075397, 1612799550.236912, 1612799551.7696078, 1612799553.4674134, 1612799555.2438402, 1612799559.1988437, 1612799560.91069, 1612799562.6316605, 1612799564.392491, 1612799565.9718714, 1612799567.7504797, 1612799571.7833953, 1612799573.5408983, 1612799575.261056, 1612799576.9991777, 1612799578.651359, 1612799580.2680929, 1612799582.112813, 1612799586.104227, 1612799587.8867288, 1612799589.7673924, 1612799591.4704823, 1612799592.9884815, 1612799594.5809798, 1612799596.2664397, 1612799600.1020784, 1612799601.7942176, 1612799603.480659, 1612799605.1911297, 1612799606.7050474, 1612799608.4022, 1612799612.2736316, 1612799613.954211, 1612799615.713918, 1612799617.458961, 1612799619.1082468, 1612799620.7613745, 1612799622.5997894, 1612799626.6786819, 1612799628.5172904, 1612799630.2785907, 1612799632.17532, 1612799633.7526677, 1612799635.465495, 1612799637.2783988, 1612799641.2715309, 1612799643.013272, 1612799644.8912292, 1612799646.6108513, 1612799648.3171315, 1612799650.057382, 1612799654.129418, 1612799655.893511, 1612799657.617296, 1612799659.496115, 1612799661.1212769, 1612799662.6763563, 1612799664.5978074, 1612799668.683017, 1612799670.5189493, 1612799672.2622015, 1612799674.0263813, 1612799675.734108, 1612799677.2967215, 1612799679.0587993, 1612799683.084985, 1612799684.8528404, 1612799686.6534808, 1612799688.4941983, 1612799690.1602976, 1612799691.720412, 1612799695.6002514, 1612799697.3105357, 1612799699.0685492, 1612799700.8913927, 1612799702.6601543, 1612799704.2602468, 1612799706.0096662, 1612799710.0105317, 1612799711.7266026, 1612799713.493774, 1612799715.2699769, 1612799717.151691, 1612799718.6528604, 1612799720.29581, 1612799724.2408633, 1612799726.0185604, 1612799727.7203267, 1612799729.4404824, 1612799731.2528975, 1612799732.842567, 1612799737.0713663, 1612799739.0024154, 1612799740.804065, 1612799742.6534646, 1612799744.6215577, 1612799746.196106, 1612799747.8971786, 1612799751.8497872, 1612799753.6432223, 1612799755.5269566, 1612799757.329955, 1612799759.2554545, 1612799760.9689195, 1612799762.7853901, 1612799766.7850294, 1612799768.560255, 1612799770.4686685, 1612799772.283503, 1612799774.1190598, 1612799775.7546446, 1612799779.7616577, 1612799781.586672, 1612799783.5328112, 1612799785.3856192, 1612799787.2281616, 1612799788.9167993, 1612799790.4397016, 1612799794.529555, 1612799796.431797, 1612799798.303529, 1612799800.2468514, 1612799802.0493367, 1612799803.7179542, 1612799805.3274703, 1612799809.5587502, 1612799811.4444683, 1612799813.2459362, 1612799815.09548, 1612799816.833482, 1612799818.5041459, 1612799823.0861688, 1612799824.897644, 1612799826.8436284, 1612799828.7976189, 1612799830.6687596, 1612799832.2760239, 1612799833.9844358, 1612799838.7495916, 1612799840.6236012, 1612799842.5150378, 1612799844.358241, 1612799846.1017509, 1612799847.7123268, 1612799849.569525, 1612799853.8894064, 1612799855.7258651, 1612799857.5781236, 1612799859.5215888, 1612799861.1123319, 1612799862.8004277, 1612799867.518429, 1612799869.434517, 1612799871.3076687, 1612799873.063846, 1612799874.5912156, 1612799876.175763, 1612799877.9225297, 1612799882.9299126, 1612799884.6503732, 1612799886.4468691, 1612799887.9600868, 1612799889.5976737, 1612799891.3963618, 1612799893.1244743, 1612799898.0070548, 1612799899.6735685, 1612799901.1803105, 1612799902.783686, 1612799904.5282223, 1612799906.3299742, 1612799911.3142502, 1612799913.0378666, 1612799914.7486327, 1612799916.5026796, 1612799918.3691225, 1612799920.2688217, 1612799922.156873, 1612799927.0569818, 1612799928.6956508, 1612799930.4490032, 1612799932.2567923, 1612799934.0159707, 1612799935.760372, 1612799937.4984787, 1612799942.5150437, 1612799944.186706, 1612799946.1082926, 1612799947.9745085, 1612799949.8385427, 1612799951.5616567, 1612799956.3339386, 1612799957.842818, 1612799959.6366448, 1612799961.516402, 1612799963.3485596, 1612799965.2791383, 1612799967.195359, 1612799971.5533307, 1612799973.3699362, 1612799975.298532, 1612799977.1564217, 1612799978.907899, 1612799980.831107, 1612799982.7467666, 1612799986.9788165, 1612799988.7930605, 1612799990.615954, 1612799992.3904164, 1612799994.1668012, 1612799995.914714, 1612799999.9117777, 1612800001.4998052, 1612800003.2358468, 1612800004.9871898, 1612800006.7113974, 1612800008.5122337, 1612800010.365727, 1612800014.175412, 1612800015.8514838, 1612800017.760891, 1612800019.564227, 1612800021.3656926, 1612800023.1276739, 1612800024.9732473, 1612800028.9555006, 1612800030.7843058, 1612800032.749492, 1612800034.5341494, 1612800036.3599477, 1612800038.1611593, 1612800042.2644331, 1612800043.8438258, 1612800045.559111, 1612800047.3205295, 1612800049.0766914, 1612800050.8510244, 1612800052.6208272, 1612800056.5984511, 1612800058.139691, 1612800059.8479733, 1612800061.6280293, 1612800063.386205, 1612800065.1128156, 1612800066.8168907, 1612800070.574337, 1612800072.0722516, 1612800073.7929165, 1612800075.464402, 1612800077.129727, 1612800078.830923, 1612800082.699344, 1612800084.1781402, 1612800085.546973, 1612800086.918344, 1612800088.3166645, 1612800089.746355, 1612800091.1707137],