{"initial_reset_timestamp": 1612796840.734344, "timestamps": [1612796841.4824796, 1612796841.7252724, 1612796841.965383, 1612796842.271296, 1612796842.5275228, 1612796842.7829652, 1612796843.0407577, 1612796843.292475, 1612796843.5528917, 1612796843.801693, 1612796848.0169678, 1612796848.2647717, 1612796848.5124102, 1612796848.759446, 1612796849.0069745, 1612796849.253846, 1612796849.500554, 1612796849.7473454, 1612796850.0245938, 1612796850.2840195, 1612796854.6139832, 1612796854.8621728, 1612796855.1071465, 1612796855.3540335, 1612796855.6001008, 1612796855.8485858, 1612796856.0945573, 1612796856.3397617, 1612796856.591343, 1612796856.8403196, 1612796871.2350378, 1612796871.4897127, 1612796871.736678, 1612796871.9868968, 1612796872.2385514, 1612796872.5152946, 1612796872.7604628, 1612796873.003321, 1612796873.2468615, 1612796873.4889765, 1612796888.097565, 1612796888.3440008, 1612796888.59033, 1612796888.8392723, 1612796889.090562, 1612796889.3404324, 1612796889.5948384, 1612796889.8462987, 1612796890.0966108, 1612796890.3496277, 1612796904.8420181, 1612796905.0869937, 1612796905.332549, 1612796905.5773563, 1612796905.824817, 1612796906.073366, 1612796906.3171988, 1612796906.5623538, 1612796906.8091097, 1612796907.0545795, 1612796922.3595216, 1612796922.6521494, 1612796922.9261777, 1612796923.1878972, 1612796923.4482605, 1612796923.7089164, 1612796923.9992204, 1612796924.303901, 1612796924.5808716, 1612796924.859228, 1612796940.3638856, 1612796940.655664, 1612796940.9138544, 1612796941.1682913, 1612796941.4310527, 1612796941.6896272, 1612796941.9511316, 1612796942.2122672, 1612796942.4749274, 1612796942.7340856, 1612796958.1751878, 1612796958.4379988, 1612796958.6964881, 1612796958.9390717, 1612796959.2100449, 1612796959.4870477, 1612796959.7519813, 1612796960.009669, 1612796960.260339, 1612796960.5190547, 1612796976.404053, 1612796976.655695, 1612796976.919615, 1612796977.1801953, 1612796977.4421463, 1612796977.7063613, 1612796977.9664624, 1612796978.2268624, 1612796978.484688, 1612796978.7778335, 1612796994.429752, 1612796994.6901336, 1612796994.954149, 1612796995.2164304, 1612796995.5058017, 1612796995.7576957, 1612796996.028842, 1612796996.3183632, 1612796996.5883546, 1612796996.8632636, 1612797012.323427, 1612797012.591207, 1612797012.8535566, 1612797013.117862, 1612797013.370461, 1612797013.6338437, 1612797013.8921194, 1612797014.1498907, 1612797014.4091606, 1612797014.652817, 1612797030.2401927, 1612797030.5240476, 1612797030.7798398, 1612797031.0393717, 1612797031.2991245, 1612797031.5583968, 1612797031.8182518, 1612797032.0626287, 1612797032.3051035, 1612797032.6049788, 1612797048.2878478, 1612797048.5497756, 1612797048.8060534, 1612797049.067804, 1612797049.3287766, 1612797049.6151555, 1612797049.8652475, 1612797050.1117055, 1612797050.3600676, 1612797050.60731, 1612797066.2369592, 1612797066.5005393, 1612797066.7654047, 1612797067.0284445, 1612797067.277565, 1612797067.5231273, 1612797067.7714958, 1612797068.0227175, 1612797068.2867234, 1612797068.548285, 1612797084.3415546, 1612797084.6032627, 1612797084.8700264, 1612797085.1277745, 1612797085.3778398, 1612797085.6298695, 1612797085.8799286, 1612797086.1312575, 1612797086.3819716, 1612797086.634036, 1612797102.1694868, 1612797102.4252176, 1612797102.6661124, 1612797102.9117954, 1612797103.1560776, 1612797103.4063485, 1612797103.6884272, 1612797103.9393537, 1612797104.1907449, 1612797104.4439435, 1612797120.1910217, 1612797120.4659517, 1612797120.711106, 1612797120.9557762, 1612797121.202798, 1612797121.4499009, 1612797121.696813, 1612797121.9409184, 1612797122.188936, 1612797122.4348505, 1612797138.1392362, 1612797138.4015667, 1612797138.6656263, 1612797138.9311242, 1612797139.204719, 1612797139.4777122, 1612797139.7699919, 1612797140.0467653, 1612797140.3071034, 1612797140.564652, 1612797157.441728, 1612797157.7399864, 1612797158.0328748, 1612797158.3286905, 1612797158.5830624, 1612797158.8266165, 1612797159.0676665, 1612797159.3081746, 1612797159.5912352, 1612797159.8486614, 1612797176.796069, 1612797177.0569606, 1612797177.317965, 1612797177.6260417, 1612797177.892006, 1612797178.1505973, 1612797178.4070792, 1612797178.6657963, 1612797178.9296467, 1612797179.2102973, 1612797195.7977192, 1612797196.0465515, 1612797196.2948844, 1612797196.5407495, 1612797196.7874074, 1612797197.0341628, 1612797197.2804732, 1612797197.5474465, 1612797197.8262866, 1612797198.0871775, 1612797213.953038, 1612797214.2212327, 1612797214.4733293, 1612797214.7567563, 1612797215.0294611, 1612797215.319771, 1612797215.580151, 1612797215.8416898, 1612797216.1021576, 1612797216.3597753, 1612797232.1531465, 1612797232.408184, 1612797232.6604133, 1612797232.9194276, 1612797233.230214, 1612797233.4950247, 1612797233.753789, 1612797234.0117614, 1612797234.2561636, 1612797234.5159776, 1612797249.9253678, 1612797250.2050736, 1612797250.460401, 1612797250.7226415, 1612797250.9842353, 1612797251.24446, 1612797251.5047004, 1612797251.7668333, 1612797252.0137947, 1612797252.2748463, 1612797267.8481214, 1612797268.096687, 1612797268.3591485, 1612797268.6215708, 1612797268.8821774, 1612797269.1462512, 1612797269.3910441, 1612797269.6551008, 1612797269.916519, 1612797270.1776028, 1612797285.7923994, 1612797286.0552058, 1612797286.314213, 1612797286.5711186, 1612797286.8319857, 1612797287.0924783, 1612797287.3524277, 1612797287.6134546, 1612797287.9024985, 1612797288.1628108, 1612797303.9514804, 1612797304.205046, 1612797304.4903865, 1612797304.7442932, 1612797304.9969473, 1612797305.2515492, 1612797305.5054963, 1612797305.7594202, 1612797306.012289, 1612797306.2675655, 1612797321.6368294, 1612797321.8951023, 1612797322.1550949, 1612797322.414149, 1612797322.6752696, 1612797322.9344814, 1612797323.1918585, 1612797323.4520314, 1612797323.7138813, 1612797323.9755428, 1612797339.336893, 1612797339.5901163, 1612797339.8448057, 1612797340.099759, 1612797340.3519998, 1612797340.606786, 1612797340.8607702, 1612797341.1145034, 1612797341.3723369, 1612797341.6229398, 1612797357.0930731, 1612797357.3538227, 1612797357.6120274, 1612797357.8606644, 1612797358.122592, 1612797358.384039, 1612797358.6807914, 1612797358.9391477, 1612797359.1858838, 1612797359.445196, 1612797375.218618, 1612797375.4687982, 1612797375.7676384, 1612797376.028223, 1612797376.2898479, 1612797376.5500524, 1612797376.7968278, 1612797377.0618808, 1612797377.3254414, 1612797377.5905933, 1612797393.0960817, 1612797393.3783362, 1612797393.6377451, 1612797393.8942232, 1612797394.14024, 1612797394.4003603, 1612797394.6585264, 1612797394.9174745, 1612797395.1745458, 1612797395.4244888, 1612797411.0234823, 1612797411.2831192, 1612797411.5320196, 1612797411.7909024, 1612797412.048466, 1612797412.307478, 1612797412.5651274, 1612797412.8174827, 1612797413.0773673, 1612797413.3332663, 1612797428.9211526, 1612797429.1741626, 1612797429.4251869, 1612797429.6788173, 1612797429.9316897, 1612797430.1721795, 1612797430.425333, 1612797430.6760461, 1612797430.9262707, 1612797431.1792567, 1612797446.801581, 1612797447.0554435, 1612797447.3116014, 1612797447.553333, 1612797447.8552575, 1612797448.1091893, 1612797448.3994405, 1612797448.652157, 1612797448.8990872, 1612797449.163708, 1612797464.8187053, 1612797465.0672376, 1612797465.3744795, 1612797465.6424587, 1612797465.9120119, 1612797466.1803243, 1612797466.4280019, 1612797466.694031, 1612797466.9536824, 1612797467.203496, 1612797482.4985104, 1612797482.7926667, 1612797483.0480006, 1612797483.3033628, 1612797483.5681217, 1612797483.8454144, 1612797484.1110892, 1612797484.376354, 1612797484.636294, 1612797484.894138, 1612797500.3274913, 1612797500.582206, 1612797500.8369071, 1612797501.096121, 1612797501.3433323, 1612797501.5997946, 1612797501.8538098, 1612797502.1063647, 1612797502.361012, 1612797502.614688, 1612797518.1544096, 1612797518.4179769, 1612797518.6821237, 1612797518.986538, 1612797519.2458062, 1612797519.504781, 1612797519.767339, 1612797520.02832, 1612797520.3331075, 1612797520.5933242, 1612797536.2114954, 