{"initial_reset_timestamp": 1612796839.192404, "timestamps": [1612796843.8438272, 1612796844.0543573, 1612796844.3612747, 1612796844.7295613, 1612796845.0895472, 1612796845.4328988, 1612796845.7776113, 1612796846.1343074, 1612796846.4916146, 1612796846.8302784, 1612796850.450396, 1612796850.7977092, 1612796851.1459115, 1612796851.4726357, 1612796851.804796, 1612796852.1455255, 1612796852.4847753, 1612796852.8424253, 1612796853.17046, 1612796853.4935684, 1612796858.0504065, 1612796859.4149265, 1612796860.7627077, 1612796862.0805488, 1612796863.4194016, 1612796864.7722185, 1612796866.1075652, 1612796867.4232173, 1612796868.7633564, 1612796870.1234272, 1612796874.6171544, 1612796875.9598289, 1612796877.360512, 1612796878.7688775, 1612796880.1012633, 1612796881.4161723, 1612796882.7893138, 1612796884.17827, 1612796885.581731, 1612796886.9532955, 1612796891.533924, 1612796892.8988707, 1612796894.2131436, 1612796895.5321035, 1612796896.8948336, 1612796898.3250022, 1612796899.6982994, 1612796901.0637257, 1612796902.4116437, 1612796903.740628, 1612796908.172172, 1612796909.4788527, 1612796910.8136508, 1612796912.1771548, 1612796913.6529148, 1612796915.183203, 1612796916.670665, 1612796918.1499858, 1612796919.6460478, 1612796921.1844356, 1612796926.1396964, 1612796927.5270655, 1612796928.9507613, 1612796930.3832512, 1612796931.8677561, 1612796933.3195033, 1612796934.800035, 1612796936.2897058, 1612796937.7773263, 1612796939.2446005, 1612796944.0529263, 1612796945.3997664, 1612796946.7906227, 1612796948.2310822, 1612796949.6934476, 1612796951.1419592, 1612796952.5996277, 1612796954.052656, 1612796955.5204685, 1612796957.027957, 1612796961.8001084, 1612796963.1889458, 1612796964.6007063, 1612796966.1831877, 1612796967.6561556, 1612796969.21209, 1612796970.6974268, 1612796972.1941695, 1612796973.742567, 1612796975.2512212, 1612796980.015771, 1612796981.4146874, 1612796982.8194177, 1612796984.3167706, 1612796985.8151734, 1612796987.3251333, 1612796988.8557966, 1612796990.3767788, 1612796991.827927, 1612796993.3145773, 1612796998.0391006, 1612796999.381563, 1612797000.7708013, 1612797002.2363951, 1612797003.7441, 1612797005.2174764, 1612797006.7063904, 1612797008.1946135, 1612797009.6646945, 1612797011.1586049, 1612797015.8129475, 1612797017.2241051, 1612797018.6813123, 1612797020.1657856, 1612797021.6512356, 1612797023.1403234, 1612797024.6097155, 1612797026.1017988, 1612797027.6034865, 1612797029.0792282, 1612797033.7770686, 1612797035.182566, 1612797036.7456472, 1612797038.2577085, 1612797039.7405057, 1612797041.2115507, 1612797042.672226, 1612797044.1480138, 1612797045.6593328, 1612797047.143741, 1612797051.7991025, 1612797053.1495788, 1612797054.611777, 1612797056.1047826, 1612797057.5956082, 1612797059.1247444, 1612797060.633025, 1612797062.0920315, 1612797063.5724125, 1612797065.0240777, 1612797069.7338855, 1612797071.1711385, 1612797072.639232, 1612797074.119053, 1612797075.6550393, 1612797077.186763, 1612797078.710499, 1612797080.1794617, 1612797081.689082, 1612797083.202392, 1612797087.8572059, 1612797089.292181, 1612797090.7760794, 1612797092.269201, 1612797093.7240748, 1612797095.1927326, 1612797096.66174, 1612797098.143794, 1612797099.608896, 1612797101.046525, 1612797105.5917697, 1612797107.041477, 1612797108.4907157, 1612797109.9791496, 1612797111.5009964, 1612797113.0030468, 1612797114.5101366, 1612797116.0269456, 1612797117.5742242, 1612797119.053569, 1612797123.6137705, 1612797125.074753, 1612797126.52874, 1612797128.0371313, 1612797129.4862866, 1612797130.950854, 1612797132.4274154, 1612797133.9238753, 1612797135.428358, 1612797136.9521697, 1612797141.8303537, 1612797143.3853197, 1612797144.9696274, 1612797146.4957256, 1612797148.0725799, 1612797149.6906981, 1612797151.352421, 1612797152.867081, 1612797154.422895, 1612797155.9826186, 1612797161.208142, 1612797162.7665656, 1612797164.4337733, 1612797166.018011, 1612797167.6423795, 1612797169.3471498, 1612797171.0108833, 1612797172.5968325, 1612797174.1612442, 1612797175.638707, 1612797180.641057, 1612797182.2370071, 1612797183.8748782, 1612797185.4291878, 1612797186.9899983, 1612797188.5924873, 1612797190.1885293, 1612797191.7537758, 1612797193.2513862, 1612797194.6538074, 1612797199.3845665, 1612797200.8676844, 1612797202.3742707, 1612797203.9135375, 1612797205.3810222, 1612797206.8481827, 1612797208.3739972, 1612797209.910117, 1612797211.4257398, 1612797212.7999601, 1612797217.6368022, 1612797219.1442106, 1612797220.6131387, 1612797222.08311, 1612797223.613143, 1612797225.1850517, 1612797226.7096267, 1612797228.1774185, 1612797229.673677, 1612797231.0135055, 1612797235.7638094, 1612797237.258575, 1612797238.718007, 1612797240.1827693, 1612797241.6710422, 1612797243.1398795, 1612797244.608466, 1612797246.0659945, 1612797247.4850478, 1612797248.8133228, 1612797253.5498567, 1612797255.025146, 1612797256.509491, 1612797258.0072908, 1612797259.5082817, 1612797261.0321844, 1612797262.490637, 1612797263.952237, 1612797265.3607671, 1612797266.6896765, 1612797271.4300852, 1612797272.8753433, 1612797274.397325, 1612797275.9340634, 1612797277.4782925, 1612797278.974148, 1612797280.5041523, 1612797281.9629707, 1612797283.2998369, 1612797284.6631699, 1612797289.4307954, 1612797290.9253263, 1612797292.4281218, 1612797293.945684, 1612797295.451595, 1612797296.9607024, 1612797298.500213, 1612797299.9773564, 1612797301.4170222, 1612797302.8338773, 1612797307.5453393, 1612797309.0398962, 1612797310.5355422, 1612797312.01682, 1612797313.5028355, 1612797314.990119, 1612797316.4780278, 1612797317.840797, 1612797319.1635008, 1612797320.4933379, 1612797325.2407339, 1612797326.6804702, 1612797328.1186047, 1612797329.5678866, 1612797331.0533454, 1612797332.560297, 1612797334.059319, 1612797335.4411457, 1612797336.8126552, 1612797338.2175107, 1612797342.90341, 1612797344.3606849, 1612797345.8323054, 1612797347.3491263, 1612797348.8316927, 1612797350.2955441, 1612797351.7878323, 1612797353.135247, 1612797354.5046344, 1612797355.963389, 1612797360.7329319, 1612797362.2020397, 1612797363.725008, 1612797365.3006237, 1612797366.8735335, 1612797368.422277, 1612797369.9015312, 1612797371.2587886, 1612797372.6058486, 1612797374.0866673, 1612797378.8858502, 1612797380.3636189, 1612797381.8632362, 1612797383.3842752, 1612797384.846104, 1612797386.3225698, 1612797387.695642, 1612797389.0907304, 1612797390.4615357, 1612797391.8883812, 1612797396.6903846, 1612797398.1736958, 1612797399.687128, 1612797401.162336, 1612797402.6883204, 1612797404.2054696, 1612797405.595778, 1612797406.945254, 1612797408.4140582, 1612797409.8857875, 1612797414.6513252, 1612797416.1587694, 1612797417.6630707, 1612797419.1715248, 1612797420.6877315, 1612797422.1108222, 1612797423.4929838, 1612797424.9042587, 1612797426.3497334, 1612797427.8085601, 1612797432.451565, 1612797433.9339359, 1612797435.4897637, 1612797436.9895566, 1612797438.513497, 1612797439.8943334, 1612797441.2691057, 1612797442.6796246, 1612797444.1620567, 1612797445.6342707, 1612797450.4509025, 1612797451.9456487, 1612797453.4539742, 1612797454.9173532, 1612797456.3374581, 1612797457.7096565, 1612797459.1028352, 1612797460.6109173, 1612797462.1062307, 1612797463.6135585, 1612797468.4549658, 1612797469.9117258, 1612797471.3962858, 1612797472.8879414, 1612797474.2673256, 1612797475.6241603, 1612797476.9614303, 1612797478.3939917, 1612797479.8427591, 1612797481.3702304, 1612797486.174786, 1612797487.646984, 1612797489.1193612, 1612797490.6838953, 1612797492.040971, 1612797493.3993437, 1612797494.7854452, 1612797496.2357342, 1612797497.704263, 1612797499.166287, 1612797503.898299, 1612797505.3644128, 1612797506.8331327, 1612797508.297978, 1612797509.6349201, 1612797511.062331, 1612797512.5829432, 1612797514.0528853, 1612797515.5079522, 1612797517.012882, 1612797521.8742936, 1612797523.3171315, 1612797524.754768, 1612797526.1652317, 1612797527.5802758, 1612797528.9949927, 1612797530.5248094, 1612797532.11597, 1612797533.5932455, 1612797535.0813706, 1612797539.9549577, 1612797541.4326031, 