{"initial_reset_timestamp": 1612799409.9148917, "timestamps": [1612799410.5208478, 1612799410.7049499, 1612799410.8881335, 1612799411.1002276, 1612799411.2900321, 1612799411.4760044, 1612799411.6666245, 1612799414.6176753, 1612799414.8099046, 1612799415.0025728, 1612799415.1936007, 1612799415.3806772, 1612799415.5683672, 1612799415.7539177, 1612799418.8960187, 1612799419.0984328, 1612799419.2880216, 1612799419.4766765, 1612799419.6667173, 1612799419.8566322, 1612799420.0460448, 1612799432.32362, 1612799432.5275974, 1612799432.7354379, 1612799432.940214, 1612799433.1448746, 1612799433.3339365, 1612799433.573964, 1612799445.8665917, 1612799446.0621903, 1612799446.2604804, 1612799446.4572916, 1612799446.6557662, 1612799446.879651, 1612799447.0757046, 1612799459.021972, 1612799459.2179894, 1612799459.4154577, 1612799459.6025417, 1612799459.7983966, 1612799459.9946053, 1612799460.1897445, 1612799472.2568555, 1612799472.4653003, 1612799472.669521, 1612799472.8788886, 1612799473.0898893, 1612799473.29894, 1612799473.5033834, 1612799485.388312, 1612799485.5834076, 1612799485.7935655, 1612799486.0022228, 1612799486.210902, 1612799486.423434, 1612799486.633221, 1612799498.5669842, 1612799498.7752056, 1612799498.9854743, 1612799499.1933048, 1612799499.3898184, 1612799499.5965474, 1612799499.8018749, 1612799511.7357554, 1612799511.9424267, 1612799512.1510422, 1612799512.3640366, 1612799512.5790157, 1612799512.7898352, 1612799513.000979, 1612799524.8603501, 1612799525.0739484, 1612799525.2857475, 1612799525.4862006, 1612799525.6986246, 1612799525.9095278, 1612799526.1177883, 1612799537.965002, 1612799538.1702483, 1612799538.375486, 1612799538.5799787, 1612799538.7859008, 1612799538.992557, 1612799539.1977954, 1612799551.5546055, 1612799551.7740433, 1612799551.9957833, 1612799552.2049952, 1612799552.419578, 1612799552.6384835, 1612799552.852559, 1612799565.0592558, 1612799565.2764208, 1612799565.49615, 1612799565.7114153, 1612799565.928606, 1612799566.1285024, 1612799566.3654778, 1612799578.831655, 1612799579.0490732, 1612799579.2657726, 1612799579.4827118, 1612799579.697912, 1612799579.91587, 1612799580.1317735, 1612799592.6555817, 1612799592.8775597, 1612799593.0801854, 1612799593.2984986, 1612799593.5179605, 1612799593.730792, 1612799593.9478009, 1612799605.96143, 1612799606.173323, 1612799606.383305, 1612799606.593515, 1612799606.789199, 1612799606.9996521, 1612799607.2110255, 1612799619.285467, 1612799619.51478, 1612799619.7281828, 1612799619.94114, 1612799620.1883218, 1612799620.4308927, 1612799620.6434507, 1612799633.308158, 1612799633.5249112, 1612799633.7470567, 1612799633.9583101, 1612799634.1620486, 1612799634.3737895, 1612799634.5881197, 1612799647.178047, 1612799647.3373303, 1612799647.5549335, 1612799647.7741792, 1612799647.9764934, 1612799648.24588, 1612799648.4490547, 1612799648.668956, 1612799661.2807958, 1612799661.4260986, 1612799661.6237926, 1612799661.7506807, 1612799661.8662598, 1612799662.0792325, 1612799662.1951754, 1612799662.373639, 1612799662.539467, 1612799662.68388, 1612799662.8676207, 1612799663.0392048, 1612799663.203126, 1612799663.4311411, 1612799676.1710799, 1612799676.325696, 1612799676.5381367, 1612799676.6938314, 1612799676.840961, 1612799677.0694869, 1612799677.2167454, 1612799677.357482, 1612799677.6078918, 1612799677.8192413, 1612799690.2905078, 1612799690.496763, 1612799690.7002587, 1612799690.8411689, 1612799691.048212, 1612799691.1616127, 1612799691.3668003, 1612799691.566542, 1612799691.7688434, 1612799704.137287, 1612799704.2530165, 1612799704.4588141, 1612799704.6705961, 1612799704.8780348, 1612799705.0929568, 1612799705.3286014, 1612799705.577745, 1612799718.219529, 1612799718.3799157, 1612799718.5877416, 1612799718.71023, 1612799718.9135501, 1612799719.086573, 1612799719.2360625, 1612799719.444705, 1612799719.6128726, 1612799731.8177483, 1612799732.0309882, 1612799732.2417004, 1612799732.4537597, 1612799732.631618, 1612799732.8524706, 1612799733.085443, 1612799746.125935, 1612799746.3151443, 1612799746.516886, 1612799746.7213557, 1612799746.9615934, 1612799747.1780148, 1612799747.4114897, 1612799747.6136308, 1612799760.295476, 1612799760.5104952, 1612799760.7274883, 1612799760.9367552, 1612799761.1671395, 1612799761.3788817, 1612799761.5919962, 1612799761.7919595, 1612799774.6900156, 1612799774.9145586, 1612799775.1390743, 1612799775.3554668, 1612799775.571467, 1612799775.7797925, 1612799775.9987166, 1612799789.008999, 1612799789.1824214, 1612799789.3842409, 1612799789.5186603, 1612799789.725204, 1612799789.9005723, 1612799790.0415173, 1612799790.2501411, 1612799790.4580538, 1612799803.4836156, 1612799803.6922894, 1612799803.8572834, 1612799804.061745, 1612799804.2682714, 1612799804.4760172, 1612799804.684104, 1612799804.8904846, 1612799817.5193968, 1612799817.7441628, 1612799817.9768162, 1612799818.2408156, 1612799818.4549, 1612799818.666132, 1612799818.8842175, 1612799831.9083252, 1612799832.1219945, 1612799832.2600493, 1612799832.4814916, 1612799832.6984448, 1612799832.9120276, 1612799833.1204498, 1612799833.3326972, 1612799846.0797167, 1612799846.3133154, 1612799846.535333, 1612799846.7495358, 1612799846.9701564, 1612799847.1775265, 1612799847.3804486, 1612799860.204374, 1612799860.4131582, 1612799860.6248384, 1612799860.8342304, 1612799861.0433118, 1612799861.239137, 1612799861.4482007, 1612799874.1022205, 1612799874.28547, 1612799874.492328, 1612799874.6831987, 1612799874.8887758, 1612799875.091932, 1612799875.2987628, 1612799875.5052047, 1612799887.5518355, 1612799887.762711, 1612799887.9708543, 1612799888.221031, 1612799888.4333208, 1612799888.645029, 1612799888.8657663, 1612799900.7682498, 1612799900.8926878, 1612799901.1005378, 1612799901.2382784, 1612799901.3863914, 1612799901.6051164, 1612799901.742419, 1612799901.9475465, 1612799902.1532445, 1612799902.344866, 1612799914.461885, 1612799914.6729116, 1612799914.8667297, 1612799915.0796857, 1612799915.2880726, 1612799915.5161107, 1612799915.7428622, 1612799928.6292555, 1612799928.8233552, 1612799929.0673094, 1612799929.2739773, 1612799929.491825, 1612799929.6512406, 1612799929.7690504, 1612799929.978785, 1612799930.1166997, 1612799930.284153, 1612799942.8027472, 1612799943.0112789, 1612799943.146065, 1612799943.3726563, 1612799943.5073774, 1612799943.7027025, 1612799943.8193266, 1612799944.0360708, 1612799944.2659729, 1612799944.4559324, 1612799956.9513106, 1612799957.1445894, 1612799957.3278182, 1612799957.4745889, 1612799957.6601543, 1612799957.868437, 1612799958.0938191, 1612799958.303206, 1612799958.4177139, 1612799971.4350092, 1612799971.6318834, 1612799971.871462, 1612799972.1203892, 1612799972.3646169, 1612799972.6121244, 1612799972.8121538, 1612799985.8294744, 1612799986.0729809, 1612799986.2689073, 1612799986.5226722, 1612799986.6960967, 1612799986.9032695, 1612799987.0498521, 1612799987.296282, 1612799999.7860677, 1612799999.9858475, 1612800000.1949515, 1612800000.4068558, 1612800000.5509229, 1612800000.7207608, 1612800000.889561, 1612800001.04479, 1612800001.1672025, 1612800001.336722, 1612800013.7712457, 1612800013.8938777, 1612800014.025031, 1612800014.1418412, 1612800014.3436723, 1612800014.5491354, 1612800014.7586389, 1612800014.9015841, 1612800015.0723372, 1612800015.2944057, 1612800015.429284, 1612800015.679752, 1612800028.309932, 1612800028.415547, 1612800028.5501227, 1612800028.7384336, 1612800028.9112637, 1612800029.0815241, 1612800029.2532234, 1612800029.3843744, 1612800029.5125544, 1612800029.730674, 1612800029.9014847, 1612800030.1173809, 1612800042.877802, 1612800043.079513, 1612800043.1955118, 1612800043.3530111, 1612800043.4758766, 1612800043.6509683, 1612800043.8069015, 1612800044.0125601, 1612800044.146499, 1612800044.2818253, 1612800044.4975286, 1612800044.745467, 1612800057.2239265, 1612800057.3560364, 1612800057.5567527, 1612800057.6808066, 1612800057.8766198, 1612800058.0775857, 1612800058.2692199, 1612800058.4324963, 1612800058.6463115, 1612800070.7221582, 1612800070.9284835, 1612800071.1345844, 1612800071.3213625, 