{"initial_reset_timestamp": 1612799408.6249497, "timestamps": [1612799411.72306, 1612799412.0046487, 1612799412.4256153, 1612799412.7727695, 1612799413.1115797, 1612799413.4486353, 1612799415.8326757, 1612799416.1647522, 1612799416.500127, 1612799416.8331134, 1612799417.162927, 1612799417.493613, 1612799417.8266444, 1612799420.968705, 1612799422.4810152, 1612799424.128637, 1612799425.8814287, 1612799427.6490934, 1612799429.5379956, 1612799431.3109176, 1612799435.2590349, 1612799436.8407414, 1612799438.6632783, 1612799440.376693, 1612799442.0932276, 1612799443.8164525, 1612799447.5863395, 1612799449.1858869, 1612799450.7339423, 1612799452.458201, 1612799454.1534145, 1612799455.844148, 1612799457.5238912, 1612799461.2615383, 1612799462.7991695, 1612799464.3733122, 1612799466.0647988, 1612799467.794584, 1612799469.514975, 1612799471.193108, 1612799475.07102, 1612799476.569504, 1612799478.215795, 1612799479.9399269, 1612799481.6495025, 1612799483.3422775, 1612799487.1549702, 1612799488.7778163, 1612799490.3022866, 1612799491.9654617, 1612799493.6536787, 1612799495.332687, 1612799497.018855, 1612799500.8739986, 1612799502.4310467, 1612799503.9598606, 1612799505.6650379, 1612799507.3596365, 1612799509.0566978, 1612799510.766537, 1612799514.5820253, 1612799516.1230843, 1612799517.699831, 1612799519.3974538, 1612799521.0974774, 1612799522.7769043, 1612799526.6375608, 1612799528.3081012, 1612799529.76625, 1612799531.402443, 1612799533.0896947, 1612799534.7908027, 1612799536.4663653, 1612799540.2500072, 1612799541.8963652, 1612799543.4388165, 1612799545.2241642, 1612799547.0671597, 1612799548.8064725, 1612799550.5581775, 1612799554.50887, 1612799556.1180189, 1612799557.7727082, 1612799559.4577103, 1612799561.1718543, 1612799562.9341137, 1612799566.9237819, 1612799568.6784465, 1612799570.2855735, 1612799571.983082, 1612799573.7332578, 1612799575.5033686, 1612799577.2657468, 1612799581.2425566, 1612799582.9636512, 1612799584.523438, 1612799586.250637, 1612799588.0850713, 1612799589.9256866, 1612799591.624671, 1612799595.5625532, 1612799597.1505034, 1612799598.7203553, 1612799600.434467, 1612799602.1626801, 1612799603.891104, 1612799607.7247505, 1612799609.4100337, 1612799610.9190578, 1612799612.590129, 1612799614.270394, 1612799616.011548, 1612799617.6910446, 1612799621.810536, 1612799623.615556, 1612799625.1071098, 1612799626.8751264, 1612799628.7154248, 1612799630.4659293, 1612799632.3154519, 1612799636.2736123, 1612799637.9392438, 1612799639.5164573, 1612799641.3306463, 1612799643.1281946, 1612799644.9943857, 1612799649.2104995, 1612799651.0782974, 1612799652.6750531, 1612799654.3009655, 1612799656.088164, 1612799657.8090982, 1612799659.661827, 1612799664.6260428, 1612799666.3024795, 1612799668.07577, 1612799669.8851857, 1612799671.6672997, 1612799673.4179265, 1612799675.1499946, 1612799679.4284008, 1612799681.0272324, 1612799682.7762737, 1612799684.5022817, 1612799686.259457, 1612799688.1611314, 1612799692.295841, 1612799693.89964, 1612799695.5029607, 1612799697.2131038, 1612799698.9932373, 1612799700.8270054, 1612799702.605348, 1612799706.7127125, 1612799708.3004193, 1612799710.0419254, 1612799711.7693546, 1612799713.5502286, 1612799715.345053, 1612799717.2054024, 1612799721.085629, 1612799722.6702883, 1612799724.411743, 1612799726.180163, 1612799727.8988109, 1612799729.6294909, 1612799733.7197833, 1612799735.290179, 1612799737.077157, 1612799739.0205123, 1612799740.8184755, 1612799742.6621385, 1612799744.637747, 1612799748.6818702, 1612799750.2505689, 1612799752.0167453, 1612799753.7837276, 1612799755.673326, 1612799757.4192154, 1612799759.303569, 1612799763.400963, 1612799765.0283794, 1612799766.833232, 1612799768.61825, 1612799770.4777071, 1612799772.3205476, 1612799776.5593572, 1612799778.2359564, 1612799779.9714592, 1612799781.8346932, 1612799783.744904, 1612799785.603581, 1612799787.4416726, 1612799791.5687103, 1612799793.2030356, 1612799795.0179076, 1612799796.8465004, 1612799798.7690125, 1612799800.6782892, 1612799802.515689, 1612799806.4074113, 1612799808.0029764, 1612799809.786029, 1612799811.6293817, 1612799813.4475226, 1612799815.2968602, 1612799819.4737585, 1612799821.1342154, 1612799822.8373497, 1612799824.6290052, 1612799826.5374987, 1612799828.433246, 1612799830.2916932, 1612799834.434013, 1612799835.9644217, 1612799837.54562, 1612799839.3590622, 1612799841.2849696, 1612799843.1923058, 1612799845.0450006, 1612799849.0848844, 1612799850.6648078, 1612799852.3043644, 1612799854.1169314, 1612799855.9624135, 1612799857.835257, 1612799861.9850416, 1612799863.733566, 1612799865.3437252, 1612799867.0853047, 1612799868.9396062, 1612799870.8678205, 1612799872.6412623, 1612799876.53688, 1612799878.275107, 1612799879.8117309, 1612799881.3408513, 1612799882.9800816, 1612799884.6869698, 1612799886.4668365, 1612799890.5388966, 1612799892.2545805, 1612799893.904963, 1612799895.459811, 1612799897.0785894, 1612799898.7902887, 1612799902.8515027, 1612799904.5893834, 1612799906.385456, 1612799908.0270429, 1612799909.5531888, 1612799911.1441133, 1612799912.8219984, 1612799916.8818622, 1612799918.7249632, 1612799920.689676, 1612799922.49763, 1612799924.2172475, 1612799925.914109, 1612799927.6386309, 1612799931.950271, 1612799933.745698, 1612799935.4822047, 1612799937.288716, 1612799938.9247477, 1612799940.54599, 1612799945.0505152, 1612799946.9956748, 1612799948.8460724, 1612799950.6360693, 1612799952.380574, 1612799953.9401724, 1612799955.4907458, 1612799959.5867488, 1612799961.431628, 1612799963.2710352, 1612799965.2394936, 1612799967.136316, 1612799968.7577379, 1612799970.414161, 1612799974.600004, 1612799976.5110068, 1612799978.276244, 1612799980.2053967, 1612799982.0936165, 1612799983.7937186, 1612799987.829413, 1612799989.6931615, 1612799991.4439967, 1612799993.1906261, 1612799994.956172, 1612799996.7668462, 1612799998.3256774, 1612800002.3765876, 1612800004.1291258, 1612800005.863393, 1612800007.6143134, 1612800009.3785288, 1612800011.175841, 1612800012.7898078, 1612800017.482559, 1612800019.2907882, 1612800021.1141753, 1612800022.9077666, 1612800024.7473059, 1612800026.369548, 1612800030.6962807, 1612800032.6813877, 1612800034.470829, 1612800036.279332, 1612800038.0535362, 1612800039.8615158, 1612800041.4214506, 1612800045.8755727, 1612800047.601577, 1612800049.375685, 1612800051.1436489, 1612800052.9449027, 1612800054.532876, 1612800056.2429974, 1612800060.2676408, 1612800061.9918826, 1612800063.7454226, 1612800065.4830003, 1612800067.1448305, 1612800068.665892, 1612800072.6404645, 1612800074.3486507, 1612800076.0148776, 1612800077.6617148, 1612800079.3857636, 1612800080.9230099, 1612800082.4804115],