{"initial_reset_timestamp": 1612875337.7556427, "timestamps": [1612875342.8176897, 1612875343.0640173, 1612875343.4099567, 1612875343.799844, 1612875344.144717, 1612875344.550838, 1612875345.0252187, 1612875345.4819083, 1612875345.9920263, 1612875346.3620725, 1612875350.030317, 1612875350.3981767, 1612875350.8005166, 1612875351.179891, 1612875351.5836642, 1612875351.9990654, 1612875352.381246, 1612875352.7316387, 1612875353.0871575, 1612875353.5548337, 1612875358.7315407, 1612875360.38725, 1612875361.9295073, 1612875363.5746276, 1612875365.240986, 1612875366.969272, 1612875368.6449175, 1612875370.4041681, 1612875372.0980444, 1612875373.7055385, 1612875378.644508, 1612875380.1965213, 1612875381.8577476, 1612875383.5550103, 1612875385.2828546, 1612875387.0019028, 1612875388.6114933, 1612875390.2326496, 1612875391.8874254, 1612875393.459538, 1612875398.8791263, 1612875400.5289814, 1612875402.2790186, 1612875404.0337217, 1612875405.7380698, 1612875407.42643, 1612875409.0907195, 1612875410.868224, 1612875412.5250092, 1612875414.0504355, 1612875419.4016998, 1612875421.1533413, 1612875422.8772595, 1612875424.6030116, 1612875426.3055437, 1612875427.9983554, 1612875429.7208536, 1612875431.301376, 1612875433.0014155, 1612875434.6862504, 1612875440.1261451, 1612875441.9049833, 1612875443.6073787, 1612875445.3170855, 1612875446.9845674, 1612875448.590852, 1612875450.187184, 1612875451.8452418, 1612875453.4895446, 1612875455.161473, 1612875460.4198592, 1612875462.1426692, 1612875463.811827, 1612875465.4717402, 1612875467.12311, 1612875468.7544832, 1612875470.3621435, 1612875471.9675539, 1612875473.61827, 1612875475.2396588, 1612875480.6698663, 1612875482.342681, 1612875484.0288794, 1612875485.6793818, 1612875487.414587, 1612875489.0889652, 1612875490.8586302, 1612875492.5086963, 1612875494.1993036, 1612875494.989894, 1612875500.404717, 1612875502.106703, 1612875503.7635858, 1612875505.0389276, 1612875506.608729, 1612875508.260626, 1612875509.9642262, 1612875511.7216222, 1612875513.3224125, 1612875514.9699917, 1612875520.5473745, 1612875522.1491747, 1612875523.660467, 1612875525.2699654, 1612875526.9043381, 1612875528.6323793, 1612875530.3567753, 1612875532.1167688, 1612875533.8386285, 1612875535.4998226, 1612875540.889405, 1612875542.5462518, 1612875544.1326666, 1612875545.8064003, 1612875547.605287, 1612875549.4245324, 1612875551.1894486, 1612875552.939503, 1612875554.7036126, 1612875556.4066997, 1612875561.975822, 1612875563.8011034, 1612875565.501377, 1612875567.2607467, 1612875568.98457, 1612875570.7545495, 1612875572.4886672, 1612875574.2633672, 1612875575.963459, 1612875577.6698272, 1612875583.0659049, 1612875584.7065842, 1612875586.369067, 1612875588.0358698, 1612875589.6750038, 1612875591.408519, 1612875593.157333, 1612875594.694215, 1612875596.3822725, 1612875598.0482204, 1612875603.4742827, 1612875605.1234105, 1612875606.813063, 1612875608.5103762, 1612875610.214754, 1612875611.865499, 1612875613.567292, 1612875615.1375544, 1612875616.8367097, 1612875618.5790899, 1612875623.5804777, 1612875625.2647853, 1612875626.9112833, 1612875628.5786598, 1612875630.2221189, 1612875631.797268, 1612875633.348482, 1612875634.9647586, 1612875636.7392945, 1612875638.5015357, 1612875643.8205488, 1612875645.4955664, 1612875647.2299569, 1612875648.971354, 1612875650.598744, 1612875652.2617607, 1612875653.9623196, 1612875655.6676214, 1612875657.4379566, 1612875659.16424, 1612875664.5065796, 1612875666.2328625, 1612875667.8824255, 1612875669.6074457, 1612875671.3117232, 1612875673.1137745, 1612875674.8472295, 1612875676.5387516, 1612875678.2312489, 1612875679.8682628, 1612875685.4579182, 1612875687.019008, 1612875688.6225364, 1612875690.294127, 1612875691.929571, 1612875693.6167874, 1612875695.2961254, 1612875697.0117667, 1612875698.6969635, 1612875700.380713, 1612875701.6527104, 1612875706.9501889, 1612875708.6863053, 1612875710.3232818, 1612875712.0416822, 1612875713.7285848, 1612875715.5833404, 1612875717.2912328, 1612875719.043812, 1612875720.9159293, 1612875722.7189267, 1612875728.4035437, 1612875730.0147092, 1612875731.6141982, 1612875733.354253, 1612875735.1529233, 1612875736.902478, 1612875738.707141, 1612875740.5545156, 1612875742.394667, 1612875744.2591777, 1612875749.737137, 1612875751.3984694, 1612875753.1050804, 1612875754.7268093, 1612875756.461239, 1612875758.2485678, 1612875759.990897, 1612875761.5783808, 1612875763.217516, 1612875764.8764505, 1612875770.510723, 1612875772.1125631, 1612875773.7789967, 1612875775.5381212, 1612875777.3123393, 1612875778.9559908, 1612875780.718011, 1612875782.4616773, 1612875784.2198098, 1612875785.880086, 1612875791.2239642, 1612875792.7880342, 1612875794.493508, 1612875796.2530198, 1612875797.865486, 1612875799.468581, 1612875801.2375882, 1612875802.9927049, 1612875804.8639529, 1612875806.6830752, 1612875812.1639383, 1612875813.7816062, 1612875815.6474257, 1612875817.4226382, 1612875819.0380669, 1612875820.7278762, 1612875822.4832487, 1612875824.172051, 1612875825.8286912, 1612875827.529734, 1612875832.9188128, 1612875834.5328517, 1612875836.2980313, 1612875837.9859595, 1612875839.5466177, 1612875841.1541414, 1612875842.7959197, 1612875844.513388, 1612875846.2691097, 1612875847.9648895, 1612875853.3853068, 1612875854.931655, 1612875856.4504364, 1612875858.1754186, 1612875859.844744, 1612875861.7038217, 1612875863.33479, 1612875865.039211, 1612875866.6468418, 1612875868.3860202, 1612875873.9361365, 1612875875.4641423, 1612875876.9629138, 1612875878.6388752, 1612875880.3080215, 1612875882.0146506, 1612875883.691359, 1612875885.4057848, 1612875886.952209, 1612875888.5693896, 1612875894.1124303, 1612875895.7290683, 1612875897.4105277, 1612875899.0465145, 1612875900.7280977, 1612875902.2767284, 1612875903.9232278, 1612875905.53338, 1612875907.2378235, 1612875908.8328962, 1612875914.3822951, 1612875915.959816, 1612875917.6105373, 1612875919.309045, 1612875921.0965703, 1612875922.8339376, 1612875924.4351916, 1612875926.14244, 1612875927.7759786, 1612875929.5146575, 1612875934.936642, 1612875936.1478918, 1612875937.5752804, 1612875939.26598, 1612875940.9825783, 1612875942.8203971, 1612875944.6417954, 1612875946.1467814, 1612875947.7139456, 1612875949.3559139, 1612875955.1983035, 1612875956.970085, 1612875958.5220156, 1612875960.1090639, 1612875961.6632812, 1612875963.4037776, 1612875965.0729434, 1612875966.8392475, 1612875968.6434414, 1612875970.3812854, 1612875975.8030853, 1612875977.4826446, 1612875979.3028831, 1612875980.9787648, 1612875982.546135, 1612875983.862113, 1612875985.6173608, 1612875987.3079505, 1612875989.1134737, 1612875990.7300124, 1612875996.6037416, 1612875998.30679, 1612875999.9563367, 1612876001.6969733, 1612876003.2896929, 1612876004.9304757, 1612876006.719731, 1612876008.5501075, 1612876010.2959263, 1612876011.9762056, 1612876017.9347172, 1612876019.5179248, 1612876021.1687477, 1612876022.8090637, 1612876024.3745368, 1612876026.1238542, 1612876027.8654983, 1612876029.6474946, 1612876031.4212878, 1612876033.1818979, 1612876039.007572, 1612876040.7823052, 1612876042.3508496, 1612876043.9183006, 1612876045.413861, 1612876047.0867624, 1612876048.9909358, 1612876050.7906444, 1612876052.6400363, 1612876054.5195236, 1612876060.1087298, 1612876061.7619658, 1612876063.4910948, 1612876064.955713, 1612876066.4794624, 1612876068.1749253, 1612876069.9477537, 1612876071.6599119, 1612876073.289433, 1612876074.9802077, 1612876080.5755732, 1612876082.3530505, 1612876084.4799354, 1612876086.566555, 1612876088.5727603, 1612876090.4703944, 1612876092.2607343, 1612876094.264385, 1612876096.0582802, 1612876097.9184897, 1612876104.3754513, 1612876106.1265287, 1612876107.8379433, 1612876109.7021246, 1612876111.507552, 1612876113.1830356, 1612876114.8827922, 1612876116.5536284, 1612876118.2375765, 1612876119.6760552, 1612876125.8261209, 1612876127.529959, 1612876129.2722697, 1612876130.942499, 1612876132.581707, 1612876134.348178, 1612876135.9289558, 1612876137.5582767, 1612876139.1584432, 1612876140.8546548, 1612876146.2849731, 