{"initial_reset_timestamp": 1612875339.3966556, "timestamps": [1612875340.2356327, 1612875340.5170636, 1612875340.7938812, 1612875341.1173105, 1612875341.4087205, 1612875341.6941218, 1612875341.9539216, 1612875342.2418935, 1612875342.4944103, 1612875342.7779167, 1612875347.5148206, 1612875347.7888181, 1612875348.0479305, 1612875348.3050888, 1612875348.5731575, 1612875348.8300114, 1612875349.089068, 1612875349.3468473, 1612875349.6052291, 1612875349.8652668, 1612875354.733441, 1612875354.9907134, 1612875355.2713168, 1612875355.6302028, 1612875355.9294236, 1612875356.189982, 1612875356.4705775, 1612875356.745854, 1612875357.0319655, 1612875357.3154626, 1612875374.975948, 1612875375.2817142, 1612875375.5339112, 1612875375.786955, 1612875376.0332198, 1612875376.289824, 1612875376.5865397, 1612875376.8487098, 1612875377.1018052, 1612875377.353448, 1612875394.8038507, 1612875395.100527, 1612875395.3846927, 1612875395.6764853, 1612875395.9674013, 1612875396.2464912, 1612875396.5503597, 1612875396.8548002, 1612875397.1297543, 1612875397.4082491, 1612875415.4498734, 1612875415.740934, 1612875416.0229325, 1612875416.2834966, 1612875416.5461872, 1612875416.8077204, 1612875417.0710988, 1612875417.3528004, 1612875417.6369374, 1612875417.902958, 1612875436.0913298, 1612875436.406306, 1612875436.661553, 1612875436.9228122, 1612875437.1866953, 1612875437.4456692, 1612875437.6986845, 1612875438.0298274, 1612875438.3509, 1612875438.6640706, 1612875456.505607, 1612875456.7567172, 1612875457.0344763, 1612875457.2954576, 1612875457.5549183, 1612875457.8137653, 1612875458.0660598, 1612875458.3221993, 1612875458.6392934, 1612875458.8955312, 1612875476.419183, 1612875476.7309449, 1612875477.057981, 1612875477.3948975, 1612875477.7385547, 1612875478.0382571, 1612875478.3363323, 1612875478.6311524, 1612875478.94279, 1612875479.2279918, 1612875497.0645273, 1612875497.4007747, 1612875497.7377937, 1612875498.0454595, 1612875498.3673136, 1612875498.6849904, 1612875498.964413, 1612875499.2252629, 1612875499.502859, 1612875499.865449, 1612875517.6488817, 1612875518.007572, 1612875518.3052006, 1612875518.6407256, 1612875518.9392123, 1612875519.2281544, 1612875519.4973278, 1612875519.8024397, 1612875520.135651, 1612875520.4113877, 1612875538.2163866, 1612875538.4836252, 1612875538.745595, 1612875539.0230873, 1612875539.3047588, 1612875539.5464454, 1612875539.8413565, 1612875540.1315608, 1612875540.427351, 1612875540.7476962, 1612875559.1400337, 1612875559.4220867, 1612875559.7062387, 1612875559.9886286, 1612875560.2466567, 1612875560.5738707, 1612875560.8740025, 1612875561.172499, 1612875561.4819481, 1612875561.8163586, 1612875580.3018951, 1612875580.5748959, 1612875580.8339121, 1612875581.1638997, 1612875581.45597, 1612875581.7090437, 1612875581.973814, 1612875582.2915995, 1612875582.5822144, 1612875582.9089847, 1612875600.639381, 1612875600.8996584, 1612875601.2195153, 1612875601.5198715, 1612875601.832289, 1612875602.137718, 1612875602.4384642, 1612875602.740475, 1612875603.012184, 1612875603.3323033, 1612875621.0642836, 1612875621.3246994, 1612875621.5798905, 1612875621.8322492, 1612875622.1077065, 1612875622.3742647, 1612875622.6497552, 1612875622.9154937, 1612875623.1836321, 1612875623.4272072, 1612875641.1045947, 1612875641.3739264, 1612875641.6481843, 1612875641.9264266, 1612875642.2644563, 1612875642.5621514, 1612875642.8316677, 1612875643.1435058, 1612875643.413775, 1612875643.6817503, 1612875661.8997152, 1612875662.1873214, 1612875662.4591925, 1612875662.7590644, 1612875663.0333474, 1612875663.2962403, 1612875663.5411623, 1612875663.839026, 1612875664.1054635, 1612875664.3652797, 1612875682.520612, 1612875682.7927294, 1612875683.0832524, 1612875683.3976257, 1612875683.6992846, 1612875684.02582, 1612875684.3266826, 1612875684.66234, 1612875684.9729936, 1612875685.3105197, 1612875703.1374006, 1612875703.4683943, 1612875703.7406297, 1612875704.0225873, 1612875704.3481617, 1612875704.6319122, 1612875704.9629478, 1612875705.2141707, 1612875705.4742494, 1612875705.7864294, 1612875724.3130639, 1612875724.6347227, 1612875724.979889, 1612875725.2742007, 1612875725.57371, 1612875725.8765285, 1612875726.2022355, 1612875726.5125475, 1612875726.818793, 1612875727.190042, 1612875745.8622797, 1612875746.124917, 1612875746.3789647, 1612875746.694902, 1612875747.0607743, 1612875747.3640077, 1612875747.664172, 1612875747.9186137, 1612875748.2223842, 1612875748.4963899, 1612875766.5074885, 1612875766.816209, 1612875767.1164784, 1612875767.4204943, 1612875767.748082, 1612875768.0839741, 1612875768.436918, 1612875768.8092518, 1612875769.139285, 1612875769.447639, 1612875787.4437525, 1612875787.7412732, 1612875788.078532, 1612875788.3327193, 1612875788.627363, 1612875788.9233105, 1612875789.2126002, 1612875789.5147016, 1612875789.8116431, 1612875790.1214573, 1612875808.274467, 1612875808.5879834, 1612875808.8388603, 1612875809.1441128, 1612875809.4335587, 1612875809.7605894, 1612875810.0996318, 1612875810.4043577, 1612875810.7287705, 1612875811.044284, 1612875829.0304725, 1612875829.3356037, 1612875829.6285977, 1612875829.9275823, 1612875830.2182443, 1612875830.4676054, 1612875830.7831264, 1612875831.0606332, 1612875831.3634486, 1612875831.623617, 1612875849.5197294, 1612875849.8425975, 1612875850.1556833, 1612875850.4558635, 1612875850.811139, 1612875851.1648257, 1612875851.4774115, 1612875851.7892509, 1612875852.0534613, 1612875852.2981563, 1612875869.9435613, 1612875870.2557259, 1612875870.5732937, 1612875870.9165282, 1612875871.197866, 1612875871.4673643, 1612875871.783377, 1612875872.093662, 1612875872.3731742, 1612875872.7046232, 1612875890.0682774, 1612875890.3274605, 1612875890.5989482, 1612875890.8846543, 1612875891.1859457, 1612875891.5131226, 1612875891.7649324, 1612875892.0908895, 1612875892.3901515, 1612875892.6653244, 1612875892.917404, 1612875910.4820135, 1612875910.7430656, 1612875911.073431, 1612875911.3814223, 1612875911.6888394, 1612875911.9972508, 1612875912.3482997, 1612875912.636364, 1612875912.9715436, 1612875913.2712092, 1612875931.270533, 1612875931.5813847, 1612875931.848925, 1612875932.108032, 1612875932.4319737, 1612875932.6886024, 1612875933.0030208, 1612875933.2959123, 1612875933.556428, 1612875933.8267026, 1612875951.3801987, 1612875951.6565683, 1612875951.940599, 1612875952.2317123, 1612875952.5019403, 1612875952.8715975, 1612875953.16402, 1612875953.5011964, 1612875953.7997558, 1612875954.157658, 1612875972.2480075, 1612875972.5338883, 1612875972.797069, 1612875973.0756228, 1612875973.3544428, 1612875973.645308, 1612875973.9223242, 1612875974.2574773, 1612875974.5457704, 1612875974.82256, 1612875993.1874616, 1612875993.5281572, 1612875993.8200643, 1612875994.1407979, 1612875994.4830828, 1612875994.8280034, 1612875995.1391926, 1612875995.4471443, 1612875995.7600217, 1612875996.0959795, 1612876014.6632667, 1612876015.120612, 1612876015.447078, 1612876015.7006075, 1612876016.0111067, 1612876016.2705405, 1612876016.592333, 1612876016.8820996, 1612876017.1931715, 1612876017.5056539, 1612876035.5823271, 1612876035.8879092, 1612876036.1916566, 1612876036.5100174, 1612876036.8422232, 1612876037.1602683, 1612876037.47205, 1612876037.8123765, 1612876038.1504912, 1612876038.4919474, 1612876056.8194237, 1612876057.1353185, 1612876057.4308102, 1612876057.7288983, 1612876058.0598042, 1612876058.3842716, 1612876058.6874933, 1612876059.024867, 1612876059.3131232, 1612876059.6062348, 1612876077.2929933, 1612876077.639714, 1612876077.9125412, 1612876078.2267213, 1612876078.5028615, 1612876078.8158088, 1612876079.1497877, 1612876079.473392, 1612876079.816812, 1612876080.104966, 1612876100.774007, 1612876101.1422968, 1612876101.467307, 1612876101.7889078, 1612876102.0855975, 1612876102.3781776, 1612876102.6019912, 1612876102.9301744, 1612876103.2467556, 1612876103.5458095, 1612876103.8609912, 1612876122.432881, 1612876122.815047, 1612876123.1778529, 1612876123.550786, 1612876123.9254372, 1612876124.302812, 1612876124.5749533, 1612876124.8303628, 1612876125.094323, 