{"initial_reset_timestamp": 1612872269.9331326, "timestamps": [1612872273.6453915, 1612872273.9541228, 1612872274.4061368, 1612872274.8564343, 1612872275.2700925, 1612872275.6701174, 1612872278.4601302, 1612872278.9087195, 1612872279.4300518, 1612872279.9080489, 1612872280.3426175, 1612872280.779531, 1612872281.1679094, 1612872284.9344642, 1612872287.155727, 1612872289.5107822, 1612872291.8339694, 1612872294.2151191, 1612872296.431097, 1612872298.6298091, 1612872303.4579456, 1612872305.7725275, 1612872308.1236277, 1612872310.4576588, 1612872312.8619714, 1612872315.0686328, 1612872319.841103, 1612872322.1336505, 1612872324.545102, 1612872326.8366785, 1612872329.2015154, 1612872331.5411887, 1612872333.8388343, 1612872338.6504672, 1612872340.8902278, 1612872343.2669027, 1612872345.6609788, 1612872348.0216703, 1612872350.31135, 1612872352.075981, 1612872357.0655854, 1612872359.4241536, 1612872361.5783954, 1612872363.8781588, 1612872364.7037792, 1612872367.0556345, 1612872369.0778234, 1612872374.0397575, 1612872376.2066302, 1612872378.2132556, 1612872380.5654528, 1612872382.9503233, 1612872385.338664, 1612872387.6125653, 1612872392.4462678, 1612872394.7762096, 1612872397.082195, 1612872399.41229, 1612872401.695058, 1612872403.958234, 1612872406.3063023, 1612872411.3242185, 1612872413.6763499, 1612872416.0922456, 1612872418.4481907, 1612872420.8176441, 1612872423.1070073, 1612872425.4278202, 1612872430.048915, 1612872432.3883226, 1612872434.749599, 1612872437.1503272, 1612872439.4599283, 1612872441.665108, 1612872446.445947, 1612872448.7780178, 1612872451.1262734, 1612872453.4652855, 1612872455.8178246, 1612872458.1983113, 1612872460.4065433, 1612872465.1248999, 1612872467.4599025, 1612872469.8179662, 1612872472.1824777, 1612872474.5489314, 1612872476.8601527, 1612872479.0618916, 1612872484.1477478, 1612872486.5558217, 1612872488.8829706, 1612872491.2563431, 1612872493.670419, 1612872495.892918, 1612872500.573432, 1612872502.8367357, 1612872505.2671165, 1612872507.6474001, 1612872510.014127, 1612872512.39286, 1612872514.6131651, 1612872520.0197597, 1612872522.3397996, 1612872524.731888, 1612872527.1118484, 1612872529.5444849, 1612872531.88366, 1612872534.0164032, 1612872538.9043005, 1612872541.314852, 1612872543.7086067, 1612872546.1181355, 1612872548.4867435, 1612872550.7553995, 1612872555.80262, 1612872558.1643908, 1612872560.5659993, 1612872563.0129447, 1612872565.4018698, 1612872567.835294, 1612872569.97064, 1612872574.7649677, 1612872576.4481988, 1612872578.852016, 1612872581.2679152, 1612872583.6644552, 1612872586.0457633, 1612872588.3433006, 1612872593.4745164, 1612872595.86119, 1612872598.2324455, 1612872600.5905776, 1612872602.927285, 1612872605.2548087, 1612872607.3528755, 1612872613.1445096, 1612872614.9658422, 1612872617.3455207, 1612872619.7291815, 1612872620.9713054, 1612872623.2858412, 1612872625.529233, 1612872632.2963738, 1612872634.6528304, 1612872637.083562, 1612872639.4515786, 1612872641.7976222, 1612872644.122659, 1612872646.348817, 1612872652.1855237, 1612872654.5323837, 1612872656.8961837, 1612872659.3166528, 1612872661.4234724, 1612872663.5852728, 1612872669.1395357, 1612872671.6035945, 1612872673.9655867, 1612872676.3039117, 1612872678.5850906, 1612872680.6275408, 1612872682.788307, 1612872688.1576662, 1612872690.418761, 1612872692.7848306, 1612872695.1884034, 1612872697.458078, 1612872699.6648755, 1612872701.989673, 1612872707.35216, 1612872709.7722363, 1612872712.1013372, 1612872714.4647388, 1612872716.6360474, 1612872718.8035362, 1612872723.982131, 1612872726.3791695, 1612872728.7942464, 1612872731.1654825, 1612872733.5005424, 1612872735.5187955, 1612872737.9413614, 1612872743.4472735, 1612872745.7280638, 1612872748.00361, 1612872750.3283253, 1612872752.5051441, 1612872754.5847719, 1612872756.9110277, 1612872762.8404298, 1612872765.176263, 1612872767.5927644, 1612872770.0070624, 1612872772.1383746, 1612872774.5177274, 1612872781.4752326, 1612872783.9143193, 1612872786.2320178, 1612872788.5587342, 1612872790.648432, 1612872792.8717144, 1612872795.270152, 1612872802.254028, 1612872804.6706803, 1612872807.1194701, 1612872809.340028, 1612872811.6721418, 1612872813.9433918, 1612872816.2995071, 1612872823.694106, 1612872825.766014, 1612872827.9832392, 1612872830.405198, 1612872832.7322557, 1612872835.0648038, 1612872841.8846395, 1612872843.8833437, 1612872846.1439462, 1612872848.506778, 1612872850.8795004, 1612872853.3107219, 1612872855.7329943, 1612872862.9690688, 1612872865.325119, 1612872867.793163, 1612872870.1569731, 1612872872.428967, 1612872874.7641923, 1612872877.0662777, 1612872884.226882, 1612872886.640867, 1612872889.009205, 1612872891.4420283, 1612872893.8581676, 1612872896.2923036, 1612872904.0576339, 1612872906.441727, 1612872908.766342, 1612872911.1442537, 1612872913.4999962, 1612872915.9069355, 1612872918.0754516, 1612872925.0593886, 1612872927.5109847, 1612872929.8873782, 1612872932.2056932, 1612872934.60697, 1612872936.3858552, 1612872938.4912484, 1612872945.7071059, 1612872948.1135123, 1612872950.5675254, 1612872952.9165027, 1612872955.0898688, 1612872957.5016892, 1612872964.8002384, 1612872967.1726463, 1612872969.5401332, 1612872971.8179243, 1612872974.2101965, 1612872976.5295322, 1612872978.8986673, 1612872986.0960808, 1612872988.5315194, 1612872990.7063656, 1612872992.748759, 1612872995.0108483, 1612872997.4430397, 1612872999.8889658, 1612873006.7955322, 1612873008.9540408, 1612873010.9579206, 1612873013.2235253, 1612873015.566124, 1612873017.9231994, 1612873025.5133433, 1612873027.6584418, 1612873029.8439467, 1612873032.2009182, 1612873034.39444, 1612873036.7733614, 1612873039.173795, 1612873046.270189, 1612873048.5572426, 1612873050.7978654, 1612873053.1844022, 1612873055.5219793, 1612873057.9506016, 1612873060.3251817, 1612873066.901773, 1612873069.243189, 1612873071.648745, 1612873074.0843883, 1612873076.467806, 1612873078.8498905, 1612873086.0960836, 1612873088.315524, 1612873090.6572723, 1612873093.0116007, 1612873095.3787112, 1612873097.7931108, 1612873100.1653147, 1612873107.4483466, 1612873109.9341354, 1612873112.3665016, 1612873114.773109, 1612873117.1905787, 1612873119.393471, 1612873121.6233292, 1612873128.6925936, 1612873131.0290537, 1612873133.3399088, 1612873135.8082037, 1612873138.2192457, 1612873140.4612205, 1612873147.5914524, 1612873149.6351557, 1612873151.9868746, 1612873154.3468938, 1612873156.4609132, 1612873158.227612, 1612873159.9102032, 1612873165.1597507, 1612873166.5882263, 1612873168.0731864, 1612873169.47156, 1612873170.9806645, 1612873172.4361532, 1612873173.9109323, 1612873179.3382401, 1612873180.8353744, 1612873182.2658732, 1612873183.7046788, 1612873185.14441, 1612873186.7327633],