{"initial_reset_timestamp": 1612871346.5684316, "timestamps": [1612871349.6925488, 1612871349.9300365, 1612871350.2936, 1612871350.6329777, 1612871350.9654129, 1612871351.3120992, 1612871353.5782585, 1612871353.9025671, 1612871354.2215834, 1612871354.5390873, 1612871354.8552208, 1612871355.1735723, 1612871355.4908054, 1612871358.385026, 1612871359.771406, 1612871361.175683, 1612871362.5548468, 1612871363.9299667, 1612871365.3067443, 1612871366.6867502, 1612871370.0171394, 1612871371.4000297, 1612871372.7850516, 1612871374.172322, 1612871375.5592542, 1612871376.9457066, 1612871380.311682, 1612871381.699189, 1612871383.0826786, 1612871384.4693491, 1612871385.854394, 1612871387.2396832, 1612871388.629374, 1612871392.1393766, 1612871393.585867, 1612871394.99467, 1612871396.4626498, 1612871397.869011, 1612871399.2904654, 1612871400.7519007, 1612871404.2290614, 1612871405.6650975, 1612871407.0940714, 1612871408.5153897, 1612871409.923831, 1612871411.444052, 1612871415.010616, 1612871416.4928408, 1612871417.8787034, 1612871419.2597437, 1612871420.6437676, 1612871422.0399938, 1612871423.416879, 1612871426.8080192, 1612871428.181359, 1612871429.5604544, 1612871430.973026, 1612871432.4186435, 1612871433.819321, 1612871435.2290285, 1612871438.6713576, 1612871440.1892781, 1612871441.69932, 1612871443.271706, 1612871444.8192906, 1612871446.2810726, 1612871449.8178403, 1612871451.2263231, 1612871452.6890283, 1612871454.1050267, 1612871455.5204346, 1612871456.94124, 1612871458.3492665, 1612871462.5940766, 1612871464.1342223, 1612871464.9264884, 1612871466.3566713, 1612871467.7990007, 1612871469.319182, 1612871470.834431, 1612871474.8470335, 1612871476.2666032, 1612871477.7306054, 1612871479.1476412, 1612871480.595813, 1612871482.050523, 1612871483.4305985, 1612871487.19476, 1612871488.5903485, 1612871490.0053806, 1612871491.491101, 1612871492.9316237, 1612871494.367072, 1612871498.1849773, 1612871499.6166856, 1612871501.056989, 1612871502.4559247, 1612871503.8597138, 1612871505.3775923, 1612871506.8100476, 1612871510.7063775, 1612871512.1076677, 1612871513.5459023, 1612871514.9527209, 1612871516.3566554, 1612871517.7797866, 1612871519.1799328, 1612871522.8126905, 1612871524.2203474, 1612871525.6174457, 1612871527.0429065, 1612871528.4435744, 1612871529.8277888, 1612871533.2070992, 1612871534.6064432, 1612871535.9828963, 1612871537.3387327, 1612871538.7456796, 1612871540.1437309, 1612871541.5507133, 1612871545.1823642, 1612871546.5918536, 1612871548.0157986, 1612871549.4890356, 1612871551.0063243, 1612871552.4770455, 1612871553.9138124, 1612871557.3296478, 1612871558.7303264, 1612871560.1038454, 1612871561.4808042, 1612871562.835673, 1612871564.2661078, 1612871567.7032704, 1612871569.0918014, 1612871570.4761567, 1612871571.85726, 1612871573.2523048, 1612871574.6569054, 1612871576.057971, 1612871579.5138912, 1612871580.9744906, 1612871582.4197273, 1612871583.893135, 1612871585.3125358, 1612871586.7463315, 1612871588.1602757, 1612871591.7231836, 1612871593.1064022, 1612871594.4928284, 1612871595.8927228, 1612871597.327372, 1612871598.7561417, 1612871602.2317898, 1612871603.6417975, 1612871605.0338533, 1612871606.4325151, 1612871607.8102927, 1612871609.1761477, 1612871610.5407286, 1612871613.9485245, 1612871615.3500469, 1612871616.748884, 1612871618.1333427, 1612871619.525111, 1612871620.9483547, 1612871622.3706577, 1612871625.8309422, 1612871627.2058823, 1612871628.5848432, 1612871629.9881852, 1612871631.3849404, 1612871632.7654488, 1612871636.2538328, 1612871637.7093897, 1612871639.1884336, 1612871640.6352198, 1612871642.0908825, 1612871643.585066, 1612871645.0027783, 1612871648.457605, 1612871649.864417, 1612871651.2830477, 1612871652.6868052, 1612871654.1533978, 1612871655.572155, 1612871656.9673166, 1612871660.4713016, 1612871661.8798456, 1612871663.2841861, 1612871664.682328, 1612871666.0839746, 1612871667.500286, 1612871671.00124, 1612871672.4142478, 1612871673.8207035, 1612871675.2246487, 1612871676.639642, 1612871678.0231047, 1612871679.395789, 1612871683.836153, 1612871685.2101216, 1612871686.5943747, 1612871687.9698803, 1612871689.3564594, 1612871690.794704, 1612871692.2247274, 1612871696.7774026, 1612871698.220682, 1612871699.6828992, 1612871701.08114, 1612871702.4707713, 1612871703.856241, 1612871707.960882, 1612871709.3712218, 1612871710.7982016, 1612871712.1929314, 1612871713.610246, 1612871715.0302482, 1612871716.4327412, 1612871721.2851, 1612871722.658613, 1612871724.0449083, 1612871725.4249303, 1612871726.8378808, 1612871728.2328725, 1612871729.628348, 1612871734.487253, 1612871735.8938937, 1612871737.3027892, 1612871738.7162461, 1612871740.1195161, 1612871741.5190067, 1612871746.3019388, 1612871747.7252984, 1612871749.1773002, 1612871750.5897512, 1612871752.0501916, 1612871753.4684365, 1612871754.8667336, 1612871759.478083, 1612871760.890341, 1612871762.301968, 1612871763.7267187, 1612871765.1318681, 1612871766.5473664, 1612871767.9787633, 1612871773.0183194, 1612871774.4231455, 1612871775.8128054, 1612871777.1696281, 1612871778.5246582, 1612871779.882848, 1612871785.0460134, 1612871786.4565334, 1612871787.87068, 1612871789.2913644, 1612871790.6689746, 1612871792.0621219, 1612871793.4789984, 1612871798.9424622, 1612871800.3562396, 1612871801.7258666, 1612871803.0915427, 1612871804.4585826, 1612871805.8400402, 1612871807.204497, 1612871812.4106407, 1612871813.7783463, 1612871815.143889, 1612871816.5150309, 1612871817.879048, 1612871819.245154, 1612871825.0952504, 1612871826.4635851, 1612871827.8314006, 1612871829.1931827, 1612871830.5648842, 1612871831.927797, 1612871833.2928746, 1612871838.9201434, 1612871840.2915936, 1612871841.657288, 1612871843.0245845, 1612871844.3917885, 1612871845.7602735, 1612871847.1281986, 1612871850.6292675, 1612871851.9973493, 1612871853.3638651, 1612871854.728016, 1612871856.0947466, 1612871857.4598398, 1612871861.0145514, 1612871862.3800297, 1612871863.7471402, 1612871865.1083176, 1612871866.4766676, 1612871867.851019, 1612871869.2209556, 1612871872.6482148, 1612871874.020696, 1612871875.3863769, 1612871876.757373, 1612871878.1273522, 1612871879.4944344, 1612871880.8641236, 1612871884.2708948, 1612871885.6985877, 1612871887.0879376, 1612871888.4726152, 1612871889.8209646, 1612871891.156872, 1612871894.6167068, 1612871895.9670277, 1612871897.3506656, 1612871898.7650213, 1612871900.2437022, 1612871901.7041595, 1612871903.1255934, 1612871907.0106888, 1612871908.40021, 1612871909.7975929, 1612871911.1861732, 1612871912.5655084, 1612871913.9391115, 1612871915.3116689, 1612871919.3516364, 1612871920.7285378, 1612871922.147705, 1612871923.5224125, 1612871924.9199164, 1612871926.3203335],