{"initial_reset_timestamp": 1612875336.4353657, "timestamps": [1612875341.789765, 1612875342.0486653, 1612875342.4146645, 1612875342.8411164, 1612875343.2479563, 1612875343.649406, 1612875344.0460548, 1612875344.4089792, 1612875344.7490704, 1612875345.0773265, 1612875349.105262, 1612875349.4344776, 1612875349.8217561, 1612875350.148734, 1612875350.4745028, 1612875350.864927, 1612875351.2542548, 1612875351.6656084, 1612875352.0507286, 1612875352.4363072, 1612875357.6277492, 1612875359.151815, 1612875360.799868, 1612875362.3713324, 1612875364.0690544, 1612875365.6847339, 1612875367.321682, 1612875369.0598133, 1612875370.7363818, 1612875372.4020274, 1612875377.7184675, 1612875379.3224242, 1612875380.9648387, 1612875382.6805336, 1612875384.377918, 1612875386.0950727, 1612875387.758373, 1612875389.3982513, 1612875391.0537457, 1612875392.7481868, 1612875398.224513, 1612875399.24922, 1612875400.7068677, 1612875402.3407168, 1612875404.0299304, 1612875405.6923735, 1612875407.4733398, 1612875409.1827686, 1612875410.9019942, 1612875412.6048577, 1612875417.8678145, 1612875419.5132558, 1612875421.2148914, 1612875422.9995356, 1612875424.6839898, 1612875426.3062694, 1612875428.056865, 1612875429.329705, 1612875430.5938408, 1612875431.8192608, 1612875433.4312208, 1612875438.7672591, 1612875440.4837809, 1612875442.016073, 1612875443.7877119, 1612875445.5109484, 1612875447.182417, 1612875448.895057, 1612875450.4303024, 1612875452.0909476, 1612875453.419876, 1612875458.9968178, 1612875460.6701522, 1612875462.4089265, 1612875464.0879397, 1612875465.7795725, 1612875467.3782322, 1612875468.994729, 1612875470.5304167, 1612875472.288105, 1612875473.969115, 1612875479.006551, 1612875480.7009683, 1612875482.1620703, 1612875483.2104907, 1612875484.8364887, 1612875486.5344982, 1612875488.1396637, 1612875489.8794146, 1612875491.577047, 1612875493.2746694, 1612875494.9989738, 1612875500.3734658, 1612875502.1224334, 1612875503.717231, 1612875505.2619238, 1612875506.8011732, 1612875508.5281367, 1612875510.2387118, 1612875511.9661765, 1612875513.6451285, 1612875515.2926936, 1612875520.5200746, 1612875522.2283528, 1612875523.8378165, 1612875525.4520314, 1612875527.1604881, 1612875528.8092482, 1612875530.5904996, 1612875532.3242376, 1612875533.9903579, 1612875535.6973472, 1612875540.8258798, 1612875542.3838756, 1612875544.0562625, 1612875545.7242587, 1612875547.5721266, 1612875549.3451762, 1612875551.1191368, 1612875552.8952637, 1612875554.5831432, 1612875556.3168685, 1612875561.9236786, 1612875563.681307, 1612875565.4192698, 1612875567.1117706, 1612875568.841918, 1612875570.64138, 1612875572.3493872, 1612875574.1067374, 1612875575.8496783, 1612875577.2020187, 1612875582.5707529, 1612875584.2700143, 1612875586.0438135, 1612875587.1850314, 1612875588.8518271, 1612875590.5970726, 1612875591.2589464, 1612875592.9755192, 1612875594.5371003, 1612875596.2199547, 1612875597.8292677, 1612875603.3293512, 1612875605.0430288, 1612875606.7591674, 1612875608.3992658, 1612875610.1043742, 1612875611.8054194, 1612875613.5355859, 1612875615.1424875, 1612875616.80905, 1612875618.5662186, 1612875624.0160873, 1612875625.6840396, 1612875627.405762, 1612875629.156911, 1612875630.7433395, 1612875632.31025, 1612875633.8328989, 1612875635.5887015, 1612875637.3030727, 1612875638.660291, 1612875640.4621367, 1612875646.0827591, 1612875647.8119338, 1612875649.4594154, 1612875651.2153373, 1612875652.833159, 1612875654.4400153, 1612875655.6233866, 1612875657.40024, 1612875658.8198268, 1612875660.4922905, 1612875665.8898964, 1612875667.605712, 1612875669.3451884, 1612875671.0518842, 1612875672.7615225, 1612875674.4612043, 1612875676.1461973, 1612875677.7528043, 1612875679.4192278, 1612875681.2230442, 1612875686.8770013, 1612875687.7500622, 1612875689.4600918, 1612875691.050489, 1612875692.620362, 1612875694.0975022, 1612875695.7761407, 1612875697.5088723, 1612875699.2268023, 1612875700.9114294, 1612875702.5357766, 1612875708.7544174, 1612875709.9743383, 1612875711.696494, 1612875713.3902438, 1612875715.1802378, 1612875716.924045, 1612875718.0997078, 1612875719.6030993, 1612875721.4466588, 1612875722.7342196, 1612875724.4642808, 1612875729.5352776, 1612875731.1849298, 1612875732.958055, 1612875734.7662978, 1612875735.9551818, 1612875737.5130868, 1612875739.241535, 1612875741.1072013, 1612875742.8810163, 1612875744.6397882, 1612875746.2480407, 1612875752.1011698, 1612875753.7159107, 1612875755.3337429, 1612875757.0980299, 1612875758.848604, 1612875760.5893345, 1612875762.300578, 1612875764.023915, 1612875765.609841, 1612875767.034665, 1612875772.674684, 1612875774.0201652, 1612875775.1788037, 1612875776.8407915, 1612875778.603887, 1612875780.383222, 1612875782.1001675, 1612875783.8230195, 1612875785.544631, 1612875787.19686, 1612875792.7298834, 1612875794.4016583, 1612875795.9843915, 1612875797.5011337, 1612875798.7707522, 1612875799.9115179, 1612875801.6392243, 1612875802.5285287, 1612875804.3641195, 1612875805.8140874, 1612875807.1848438, 1612875808.6996777, 1612875814.4287627, 1612875816.1160207, 1612875817.7939453, 1612875819.489638, 1612875820.6135495, 1612875822.1613352, 1612875823.8763578, 1612875825.5629423, 1612875827.289748, 1612875828.4530463, 1612875834.3423479, 1612875836.0046492, 1612875837.7126439, 1612875839.37011, 1612875841.0146317, 1612875842.8243802, 1612875844.532021, 1612875845.4613378, 1612875847.2970822, 1612875849.0140188, 1612875850.7178175, 1612875856.660466, 1612875858.2769425, 1612875860.0119734, 1612875861.8370204, 1612875863.486101, 1612875865.1993005, 1612875866.8788555, 1612875868.7178013, 1612875870.3626275, 1612875872.110375, 1612875877.9619384, 1612875879.6990223, 1612875880.859195, 1612875882.5730495, 1612875884.279198, 1612875885.9202023, 1612875886.822346, 1612875888.0154774, 1612875889.6356905, 1612875891.230423, 1612875892.8217974, 1612875894.0591044, 1612875900.0033164, 1612875901.274531, 1612875902.7338386, 1612875903.7213056, 1612875905.0114005, 1612875906.738281, 1612875908.1431825, 1612875909.7986832, 1612875911.4071722, 1612875912.5678287, 1612875914.147471, 1612875919.6444917, 1612875921.364717, 1612875922.9673893, 1612875924.5471702, 1612875926.2186618, 1612875927.918439, 1612875929.6837673, 1612875931.2895894, 1612875932.6798851, 1612875934.291944, 1612875940.003946, 1612875941.8383255, 1612875943.6419802, 1612875945.3633535, 1612875946.6304028, 1612875947.6125891, 1612875949.2557235, 1612875950.8853018, 1612875952.4308646, 1612875954.1732225, 1612875956.0956132, 1612875962.112522, 1612875963.7717717, 1612875965.1243553, 1612875966.3453586, 1612875968.2500007, 1612875970.0462723, 1612875971.7627656, 1612875973.4034598, 1612875975.08859, 1612875976.93085, 1612875982.6611183, 1612875984.4863424, 1612875986.1766405, 1612875987.8316195, 1612875989.5851743, 1612875991.346633, 1612875993.1468475, 1612875994.2698264, 1612875995.8490145, 1612875997.6139243, 1612875999.4446988, 1612876005.7248151, 1612876007.5519068, 1612876009.4027407, 1612876011.072697, 1612876012.6953397, 1612876014.1359718, 1612876015.6498945, 1612876017.2466836, 1612876018.8364072, 1612876019.940457, 1612876025.4100606, 1612876027.1381657, 1612876028.8917608, 1612876030.6302986, 1612876032.3870735, 1612876034.1676319, 1612876035.9304087, 1612876037.6341944, 1612876039.393867, 1612876041.0369232, 1612876048.1818395, 1612876050.0633466, 1612876051.4467962, 1612876053.3016934, 1612876055.161328, 1612876056.9051895, 1612876058.5380495, 1612876060.2500565, 1612876061.4363751, 1612876062.3076513, 1612876064.0554621, 1612876065.3927505, 1612876070.9942758, 1612876072.6925216, 1612876074.4098325, 1612876076.1164124, 1612876077.8210921, 1612876079.520493, 1612876080.303585, 1612876082.1293678, 1612876084.162927, 1612876085.648961, 1612876087.673603, 1612876093.9053338, 1612876095.8062122, 1612876097.6939163, 1612876099.6156147, 1612876101.5142374, 1612876103.2091274, 1612876104.874807, 1612876106.6981785, 1612876108.5451307, 1612876110.4035358, 1612876117.277157, 1612876118.855087, 1612876120.5743258, 