{"initial_reset_timestamp": 1612873752.9365396, "timestamps": [1612873756.2610075, 1612873756.504975, 1612873756.8830526, 1612873757.2343, 1612873757.568566, 1612873757.8968241, 1612873760.2501073, 1612873760.5906682, 1612873760.9199657, 1612873761.2583823, 1612873761.5725386, 1612873761.9081771, 1612873762.2358818, 1612873765.1942954, 1612873766.8322537, 1612873768.4894383, 1612873770.249311, 1612873771.9487462, 1612873773.6303363, 1612873775.3376095, 1612873778.9945796, 1612873780.7333577, 1612873782.1900654, 1612873783.6072917, 1612873784.5548713, 1612873786.3029149, 1612873788.1170774, 1612873792.014695, 1612873793.6130586, 1612873795.3233912, 1612873797.0196738, 1612873798.7358797, 1612873800.4857674, 1612873802.306838, 1612873805.8142295, 1612873807.4755116, 1612873809.1232362, 1612873810.8272986, 1612873812.4900813, 1612873814.1669934, 1612873817.999598, 1612873819.5095787, 1612873821.237811, 1612873822.9722786, 1612873824.7147365, 1612873826.5008821, 1612873828.2285156, 1612873831.8742661, 1612873833.5979662, 1612873835.4261918, 1612873837.225026, 1612873838.9998379, 1612873840.7193065, 1612873842.578193, 1612873846.2919223, 1612873848.0147407, 1612873849.7776322, 1612873851.448895, 1612873853.1664596, 1612873854.8934288, 1612873858.6074948, 1612873860.1265328, 1612873861.857785, 1612873863.5602047, 1612873865.2661874, 1612873866.9697812, 1612873868.6887991, 1612873872.313817, 1612873873.8741903, 1612873875.5660818, 1612873877.2797325, 1612873879.0111308, 1612873880.740797, 1612873882.4647982, 1612873886.0593083, 1612873887.6944592, 1612873889.444722, 1612873891.124259, 1612873892.8440259, 1612873894.5703907, 1612873898.3005123, 1612873899.7952163, 1612873901.3943799, 1612873903.0420942, 1612873904.6833022, 1612873906.3389223, 1612873907.9927628, 1612873912.7341204, 1612873914.314661, 1612873915.980448, 1612873917.6563492, 1612873919.3115907, 1612873920.957831, 1612873922.6573706, 1612873927.9051232, 1612873929.6443076, 1612873931.3713608, 1612873933.1301668, 1612873934.854591, 1612873936.5974793, 1612873940.4709, 1612873942.2337973, 1612873943.9134922, 1612873945.5583725, 1612873947.2515192, 1612873948.961241, 1612873950.6791496, 1612873954.370338, 1612873956.076152, 1612873957.8163662, 1612873959.6156614, 1612873961.3732357, 1612873963.122082, 1612873964.8935432, 1612873969.5125575, 1612873971.1816998, 1612873972.8595748, 1612873974.5179412, 1612873976.1674416, 1612873977.8344972, 1612873981.4342241, 1612873983.1108513, 1612873984.8336666, 1612873986.5582821, 1612873988.2785025, 1612873990.0015306, 1612873991.7010753, 1612873995.939617, 1612873997.6510835, 1612873999.3737783, 1612874001.1065762, 1612874002.9351156, 1612874004.7343624, 1612874006.3580744, 1612874012.5380003, 1612874014.2145882, 1612874015.939908, 1612874017.5753312, 1612874019.2481513, 1612874020.8245595, 1612874026.9515722, 1612874028.760157, 1612874030.4813607, 1612874032.3192167, 1612874033.8323796, 1612874035.4575121, 1612874037.2545068, 1612874043.7393835, 1612874045.4545705, 1612874047.0085864, 1612874048.5588844, 1612874050.1176078, 1612874051.8344436, 1612874053.5899239, 1612874059.5104306, 1612874061.1386461, 1612874062.651549, 1612874064.2174215, 1612874065.955484, 1612874067.0009956, 1612874068.7138338, 1612874074.3724158, 1612874076.0640016, 1612874077.5523987, 1612874079.0556011, 1612874080.8238242, 1612874082.5957203, 1612874084.284407, 1612874090.3275127, 1612874091.922324, 1612874093.5298562, 1612874095.2230475, 1612874097.00602, 1612874098.7533884, 1612874104.4393768, 1612874105.9318087, 1612874107.38516, 1612874109.1572738, 1612874110.9729955, 1612874112.7037354, 1612874114.4415224, 1612874120.0547278, 1612874121.5098968, 1612874123.117981, 1612874124.8216164, 1612874126.5558665, 1612874128.294966, 1612874130.0746028, 1612874135.762143, 1612874137.3346868, 1612874139.147578, 1612874141.0414891, 1612874142.850587, 1612874144.615183, 1612874150.568446, 1612874152.051862, 1612874153.8587048, 1612874155.7010145, 1612874157.43068, 1612874159.2075062, 1612874161.0433826, 1612874167.0312767, 1612874168.695915, 1612874170.6319878, 1612874172.4769592, 1612874174.2611105, 1612874176.2147126, 1612874178.1193445, 1612874184.2392526, 1612874185.9785073, 1612874187.7172186, 1612874189.4396071, 1612874191.17786, 1612874192.9142494, 1612874199.3134246, 1612874201.110952, 1612874202.911654, 1612874204.7002864, 1612874206.4651515, 1612874208.262189, 1612874210.0075812, 1612874216.2209857, 1612874218.0041196, 1612874219.7320862, 1612874221.5006483, 1612874223.2322302, 1612874224.9514744, 1612874226.482965, 1612874233.2560515, 1612874235.021283, 1612874236.8555877, 1612874238.6650202, 1612874240.3527336, 1612874241.861212, 1612874248.0872858, 1612874249.9182215, 1612874251.802255, 1612874253.6477997, 1612874255.2189972, 1612874256.7439878, 1612874258.528713, 1612874265.1599338, 1612874266.9504538, 1612874268.5515716, 1612874270.0311742, 1612874271.657658, 1612874273.353783, 1612874275.024342, 1612874281.470552, 1612874282.9076793, 1612874284.4060233, 1612874286.0190165, 1612874287.7886992, 1612874289.5330887, 1612874296.5639164, 1612874298.030654, 1612874299.55181, 1612874301.2802498, 1612874303.0204768, 1612874304.8129582, 1612874306.6056826, 1612874312.8803456, 1612874314.3783693, 1612874316.2334273, 1612874317.9883327, 1612874319.8149698, 1612874321.5923367, 1612874323.4127445, 1612874330.0748272, 1612874331.7809737, 1612874333.5136135, 1612874335.307975, 1612874337.1301286, 1612874338.984794, 1612874345.7569551, 1612874347.5600672, 1612874349.3581197, 1612874351.1712341, 1612874352.97194, 1612874354.7755847, 1612874356.5673747, 1612874363.0163295, 1612874364.7962608, 1612874366.6208153, 1612874368.3907213, 1612874370.2085612, 1612874372.0983746, 1612874373.6849759, 1612874380.547907, 1612874382.4044373, 1612874384.1722136, 1612874385.9312112, 1612874387.6464522, 1612874389.1454618, 1612874395.9756126, 1612874397.775394, 1612874399.593769, 1612874401.4228344, 1612874403.0967202, 1612874404.6210911, 1612874406.2174108, 1612874410.9188151, 1612874412.6190495, 1612874414.3120697, 1612874415.9988885, 1612874417.6171293, 1612874419.0737936, 1612874420.5438652, 1612874427.4256866, 1612874429.1967518, 1612874430.9037192, 1612874432.533292, 1612874434.0612586, 1612874435.6747444, 1612874441.6155396, 1612874443.3862295, 1612874445.3058505, 1612874447.0225136, 1612874448.4307365, 1612874449.8761973, 1612874451.2937202, 1612874457.6661553, 1612874459.1286623, 1612874460.5635045, 1612874461.9902456, 1612874463.4118252, 1612874464.8721159, 1612874466.2853184, 1612874471.906685, 1612874473.4128594, 1612874474.8939965, 1612874476.3408067, 1612874477.806937, 1612874479.2901545],