{"initial_reset_timestamp": 1612872272.4839056, "timestamps": [1612872276.2628121, 1612872276.4312956, 1612872276.8741198, 1612872277.2940593, 1612872277.611819, 1612872278.0148172, 1612872278.4280336, 1612872281.457139, 1612872281.818013, 1612872282.176335, 1612872282.5719392, 1612872282.9072728, 1612872283.2538824, 1612872283.6529214, 1612872288.103336, 1612872290.5228374, 1612872292.8967829, 1612872295.278136, 1612872297.5305712, 1612872299.7062469, 1612872304.497483, 1612872306.8743153, 1612872309.207791, 1612872311.6304364, 1612872313.8509822, 1612872316.1728218, 1612872318.3407016, 1612872323.234018, 1612872325.66205, 1612872328.1093028, 1612872330.492778, 1612872332.8498237, 1612872335.224943, 1612872337.4478586, 1612872342.306179, 1612872344.6723628, 1612872346.976319, 1612872349.2666261, 1612872351.6150336, 1612872354.0260577, 1612872358.8758125, 1612872361.2264645, 1612872363.5334713, 1612872365.919274, 1612872368.21432, 1612872370.5457194, 1612872372.475612, 1612872377.3152456, 1612872379.6076498, 1612872381.9837403, 1612872384.300424, 1612872386.614056, 1612872388.826587, 1612872391.097704, 1612872396.066971, 1612872398.436652, 1612872400.8277068, 1612872403.2653108, 1612872405.463255, 1612872407.5372543, 1612872412.2980475, 1612872414.5509706, 1612872416.8839605, 1612872419.2260432, 1612872421.570169, 1612872424.0042558, 1612872426.2918813, 1612872431.316397, 1612872433.72267, 1612872436.1187255, 1612872438.4492116, 1612872440.77639, 1612872442.9573085, 1612872445.2418723, 1612872450.2784934, 1612872452.58464, 1612872454.8997827, 1612872457.2492137, 1612872459.506425, 1612872461.637968, 1612872466.4219534, 1612872468.79988, 1612872471.1513078, 1612872473.5517557, 1612872475.8819177, 1612872477.9946966, 1612872480.1044896, 1612872484.8136277, 1612872487.1515875, 1612872489.4852157, 1612872491.8802304, 1612872494.2090843, 1612872496.3975346, 1612872498.6054099, 1612872503.5357533, 1612872505.9538836, 1612872508.2957864, 1612872510.597761, 1612872512.9076037, 1612872515.027923, 1612872519.8329535, 1612872522.2779663, 1612872524.7004724, 1612872527.1187923, 1612872529.5773094, 1612872531.9578936, 1612872534.176502, 1612872539.3208416, 1612872541.6751704, 1612872544.010974, 1612872546.3610408, 1612872548.751035, 1612872551.0606887, 1612872553.1020777, 1612872558.0830681, 1612872560.4403014, 1612872562.8214002, 1612872565.2622275, 1612872567.6274695, 1612872569.9156964, 1612872574.4777935, 1612872576.8176196, 1612872579.2137423, 1612872581.6054106, 1612872583.998549, 1612872586.3770223, 1612872588.5642202, 1612872593.2861648, 1612872595.6567414, 1612872597.9833226, 1612872600.3458235, 1612872602.7197921, 1612872605.050145, 1612872607.0948687, 1612872611.9391422, 1612872614.238315, 1612872616.7312458, 1612872619.1204119, 1612872621.4366357, 1612872623.7744749, 1612872628.5876553, 1612872630.8143413, 1612872633.255444, 1612872635.732498, 1612872638.1421847, 1612872640.5777173, 1612872642.7876225, 1612872647.3256183, 1612872649.5578923, 1612872651.9823222, 1612872654.37665, 1612872656.7986906, 1612872659.1411345, 1612872661.2857716, 1612872666.3819022, 1612872668.7236114, 1612872671.0726035, 1612872673.4796753, 1612872675.9022717, 1612872678.282825, 1612872683.1943474, 1612872685.397024, 1612872687.785076, 1612872690.1391628, 1612872692.52562, 1612872694.859198, 1612872697.134166, 1612872701.8003855, 1612872704.039809, 1612872706.3047037, 1612872708.7278595, 1612872711.002517, 1612872713.3560622, 1612872715.6391852, 1612872720.4238067, 1612872722.6879783, 1612872725.085141, 1612872727.4526324, 1612872729.8989933, 1612872732.248095, 1612872737.1531532, 1612872739.4211342, 1612872741.481938, 1612872743.7879772, 1612872746.1235733, 1612872748.5822408, 1612872750.998536, 1612872755.7387607, 1612872758.0303078, 1612872760.2197585, 1612872762.6694314, 1612872765.0753012, 1612872767.4801927, 1612872769.8577585, 1612872775.1094382, 1612872777.356209, 1612872779.4702961, 1612872781.7171717, 1612872784.0263584, 1612872786.4075232, 1612872791.5481818, 1612872793.9825263, 1612872796.3445513, 1612872798.599639, 1612872800.856038, 1612872803.135134, 1612872805.552566, 1612872810.6404994, 1612872812.9666095, 1612872815.3689594, 1612872817.641622, 1612872819.8312747, 1612872822.0529034, 1612872824.4046338, 1612872829.4255686, 1612872831.807123, 1612872834.2188306, 1612872836.5358863, 1612872838.755491, 1612872841.0808284, 1612872845.6609316, 1612872848.0769293, 1612872850.4291563, 1612872852.808517, 1612872855.1790953, 1612872857.539728, 1612872859.852105, 1612872864.6984048, 1612872867.1035228, 1612872869.5242732, 1612872871.8636754, 1612872874.3106315, 1612872876.7483501, 1612872878.9618115, 1612872884.017848, 1612872886.4016862, 1612872888.7903345, 1612872891.1168177, 1612872893.5386903, 1612872895.9545524, 1612872900.97477, 1612872903.331661, 1612872905.8102279, 1612872908.1964247, 1612872910.6005704, 1612872913.0281003, 1612872915.5040376, 1612872920.2484264, 1612872922.4386754, 1612872924.7499952, 1612872927.2250218, 1612872929.5814977, 1612872931.9778771, 1612872934.2714534, 1612872939.6370225, 1612872941.8051753, 1612872944.000037, 1612872946.3563242, 1612872948.7830698, 1612872951.1214778, 1612872956.443312, 1612872958.8199792, 1612872961.1468868, 1612872963.304159, 1612872965.507172, 1612872967.8685102, 1612872970.292341, 1612872976.152634, 1612872978.5520546, 1612872980.8117251, 1612872982.985582, 1612872985.1839442, 1612872987.548077, 1612872989.9031837, 1612872997.0677307, 1612872999.509901, 1612873001.8207443, 1612873003.931427, 1612873006.2658362, 1612873008.5129302, 1612873014.1924102, 1612873016.5843344, 1612873018.9876497, 1612873021.2349374, 1612873023.3860242, 1612873025.7680182, 1612873028.160912, 1612873034.3947961, 1612873036.7966428, 1612873039.2255492, 1612873041.5422063, 1612873043.7717779, 1612873045.8736334, 1612873048.1096473, 1612873053.5953355, 1612873056.0007634, 1612873058.4235973, 1612873060.8009994, 1612873063.0696006, 1612873065.029268, 1612873070.9482617, 1612873073.3318238, 1612873075.7420447, 1612873078.113462, 1612873080.5079203, 1612873082.624613, 1612873084.8236897, 1612873089.9817605, 1612873092.3703005, 1612873094.700981, 1612873097.0119572, 1612873099.3048122, 1612873101.5206337, 1612873103.7547607, 1612873109.1179085, 1612873111.639718, 1612873114.0052114, 1612873116.42163, 1612873118.7937424, 1612873120.9948447, 1612873127.0992339, 1612873129.4833586, 1612873131.895124, 1612873134.2986898, 1612873136.7388957, 1612873138.9850526, 1612873141.50302, 1612873149.218661, 1612873151.655339, 1612873154.0815942, 1612873156.2265399, 1612873158.0406775, 1612873159.734195, 1612873161.4114687],