{"initial_reset_timestamp": 1612872273.9372382, "timestamps": [1612872274.7230175, 1612872274.963395, 1612872275.2002015, 1612872275.4505548, 1612872275.70152, 1612872275.9536526, 1612872276.20366, 1612872279.883938, 1612872280.1370761, 1612872280.3287659, 1612872280.5814853, 1612872280.7880821, 1612872281.0425432, 1612872281.2723906, 1612872284.825781, 1612872285.0768025, 1612872285.3423967, 1612872285.5957952, 1612872285.8944228, 1612872286.1518242, 1612872286.4358604, 1612872302.7164996, 1612872302.973753, 1612872303.2348497, 1612872303.4806607, 1612872303.774236, 1612872304.0641844, 1612872304.2982905, 1612872320.6819375, 1612872320.9723713, 1612872321.2424872, 1612872321.5101206, 1612872321.7784286, 1612872322.039928, 1612872322.2852998, 1612872339.053281, 1612872339.3133595, 1612872339.5860837, 1612872339.8535626, 1612872340.0841622, 1612872340.3407028, 1612872340.6252494, 1612872357.1121283, 1612872357.3774905, 1612872357.6440647, 1612872357.9094942, 1612872358.1768994, 1612872358.4380765, 1612872358.685351, 1612872374.7757716, 1612872375.0444913, 1612872375.2668116, 1612872375.5365107, 1612872375.8387144, 1612872376.123523, 1612872376.3813848, 1612872392.7242339, 1612872393.0040352, 1612872393.2767038, 1612872393.5274713, 1612872393.7912192, 1612872394.0574987, 1612872394.3258548, 1612872410.456179, 1612872410.7540252, 1612872411.0401351, 1612872411.300793, 1612872411.5907722, 1612872411.8492186, 1612872412.106682, 1612872428.8269184, 1612872429.0686789, 1612872429.3302512, 1612872429.5857263, 1612872429.8448303, 1612872430.0959787, 1612872430.3780787, 1612872446.7796607, 1612872447.0355897, 1612872447.2883327, 1612872447.5319223, 1612872447.7705684, 1612872448.0284555, 1612872448.235957, 1612872448.5018058, 1612872464.6378303, 1612872464.896153, 1612872465.1503673, 1612872465.4348783, 1612872465.6963267, 1612872465.954926, 1612872466.2157428, 1612872482.339165, 1612872482.6088145, 1612872482.8468566, 1612872483.108041, 1612872483.3734968, 1612872483.628778, 1612872483.8883204, 1612872500.168798, 1612872500.4308317, 1612872500.7103572, 1612872500.9845273, 1612872501.2592604, 1612872501.5278041, 1612872501.7722409, 1612872518.1026516, 1612872518.3544621, 1612872518.5974574, 1612872518.8354392, 1612872519.081197, 1612872519.358744, 1612872519.6242728, 1612872536.76675, 1612872537.0351868, 1612872537.2935104, 1612872537.5622647, 1612872537.7565176, 1612872538.0536048, 1612872538.3179965, 1612872554.8169444, 1612872555.071694, 1612872555.32787, 1612872555.5889757, 1612872555.8399959, 1612872556.1063168, 1612872556.3495436, 1612872572.7696424, 1612872572.9910657, 1612872573.25863, 1612872573.4931912, 1612872573.7475762, 1612872574.0024974, 1612872574.274568, 1612872590.8650827, 1612872591.1104717, 1612872591.3448343, 1612872591.5865161, 1612872591.8213484, 1612872592.0571132, 1612872592.3343961, 1612872608.780893, 1612872609.0371985, 1612872609.3338892, 1612872609.5733302, 1612872609.788107, 1612872610.0410736, 1612872610.3053062, 1612872626.664187, 1612872626.9068666, 1612872627.0868123, 1612872627.3172786, 1612872627.6138442, 1612872627.9051588, 1612872628.1440363, 1612872628.3909085, 1612872644.8672924, 1612872645.1126328, 1612872645.3980894, 1612872645.6673977, 1612872645.9333143, 1612872646.1998959, 1612872646.4354584, 1612872663.1510713, 1612872663.3892932, 1612872663.6454794, 1612872663.9370458, 1612872664.2326965, 1612872664.497667, 1612872664.7674384, 1612872681.1349707, 1612872681.2949224, 1612872681.5398967, 1612872681.7984164, 1612872682.0005944, 1612872682.2008514, 1612872682.4561157, 1612872682.7532442, 1612872683.0071695, 1612872699.3058145, 1612872699.5515184, 1612872699.7728004, 1612872700.0629985, 1612872700.350167, 1612872700.6072404, 1612872700.8628783, 1612872717.1989117, 1612872717.4381454, 1612872717.6794827, 1612872717.9305189, 1612872718.1884003, 1612872718.4420705, 1612872718.7005963, 1612872735.3485572, 1612872735.597839, 1612872735.876703, 1612872736.1660535, 1612872736.425673, 1612872736.6880152, 1612872736.946195, 1612872753.2994125, 1612872753.5611694, 1612872753.7892709, 1612872754.02597, 1612872754.2840002, 1612872754.542404, 1612872754.7969446, 1612872771.5211046, 1612872771.7160728, 1612872772.0108938, 1612872772.316702, 1612872772.623999, 1612872772.8522954, 1612872773.1049025, 1612872773.3778381, 1612872789.7502687, 1612872790.020791, 1612872790.2890744, 1612872790.5695944, 1612872790.848254, 1612872791.090246, 1612872791.3505137, 1612872808.0947828, 1612872808.362968, 1612872808.6147046, 1612872808.856988, 1612872809.1098578, 1612872809.387722, 1612872809.683978, 1612872825.960146, 1612872826.2249124, 1612872826.5053847, 1612872826.786269, 1612872827.0678785, 1612872827.339354, 1612872827.631952, 1612872844.0365808, 1612872844.2664902, 1612872844.5039346, 1612872844.7470186, 1612872844.9875948, 1612872845.2159727, 1612872845.457078, 1612872862.2588964, 1612872862.4948425, 1612872862.7249265, 1612872862.9705737, 1612872863.2595353, 1612872863.5025284, 1612872863.7357514, 1612872880.8144064, 1612872881.0703654, 1612872881.3273954, 1612872881.5850954, 1612872881.8458061, 1612872882.1027792, 1612872882.3651843, 1612872899.3028107, 1612872899.5391629, 1612872899.7746136, 1612872900.0409682, 1612872900.3003588, 1612872900.5365038, 1612872900.7791512, 1612872917.8785782, 1612872918.147317, 1612872918.4137542, 1612872918.6809819, 1612872918.957519, 1612872919.2192318, 1612872919.4732265, 1612872936.151313, 1612872936.4245856, 1612872936.6910086, 1612872936.9577067, 1612872937.245283, 1612872937.52632, 1612872937.6868238, 1612872937.9448466, 1612872954.4047077, 1612872954.7272215, 1612872954.9906445, 1612872955.250853, 1612872955.4645162, 1612872955.7278116, 1612872955.9890904, 1612872956.2459025, 1612872972.5438018, 1612872972.673474, 1612872972.819542, 1612872972.9702263, 1612872973.1130586, 1612872973.2804704, 1612872973.436193, 1612872973.5519788, 1612872973.7290893, 1612872973.9605312, 1612872974.1759055, 1612872974.3465405, 1612872974.4943519, 1612872974.6453445, 1612872974.8519373, 1612872975.022548, 1612872975.187494, 1612872991.6585195, 1612872991.775456, 1612872991.894548, 1612872992.0266616, 1612872992.1873274, 1612872992.3017519, 1612872992.4171698, 1612872992.541122, 1612872992.6761565, 1612872992.8018725, 1612872992.922953, 1612872993.056204, 1612872993.179391, 1612872993.3468425, 1612872993.4882119, 1612872993.6133661, 1612872993.7394452, 1612872993.8612938, 1612872993.9704814, 1612872994.0886936, 1612872994.241448, 1612872994.3751965, 1612872994.5481908, 1612872994.7107055, 1612872994.8709972, 1612872995.0016153, 1612872995.1707993, 1612872995.3205845, 1612873011.337674, 1612873011.5362804, 1612873011.7252705, 1612873011.9298964, 1612873012.0509388, 1612873012.209563, 1612873012.40737, 1612873012.5747538, 1612873012.7624414, 1612873012.9972456, 1612873013.1784747, 1612873013.3368263, 1612873013.499206, 1612873013.645576, 1612873013.8140767, 1612873013.995035, 1612873030.5362203, 1612873030.7737894, 1612873030.959422, 1612873031.1128964, 1612873031.2496283, 1612873031.4487793, 1612873031.5815067, 1612873031.7076848, 1612873031.865219, 1612873032.006886, 1612873032.1411536, 1612873032.2694647, 1612873032.4034271, 1612873032.5505996, 1612873032.6770375, 1612873032.8058932, 1612873032.9528818, 1612873033.137892, 1612873033.3109443, 1612873033.433317, 1612873049.6723976, 1612873049.8337848, 1612873049.9941187, 1612873050.1934278, 1612873050.3762872, 1612873050.5796998, 1612873050.7613, 1612873050.9014595, 1612873051.1702483, 1612873051.3670287, 1612873051.5865552, 1612873051.837775, 1612873068.0728106, 1612873068.2341204, 1612873068.3730447, 1612873068.5183065, 1612873068.6753047, 1612873068.8315067, 1612873069.0293183, 1612873069.18807, 1612873069.3244207, 1612873069.503131, 1612873069.671699, 1612873069.8228893, 1612873070.0105853, 1612873070.159257, 1612873070.353362, 1612873070.5403814, 1612873070.7429497, 1612873087.2253811, 1612873087.4995623, 1612873087.730772, 1612873087.991563, 1612873088.2527552,